"","CCL21","IGFBP6","MMP7","LOC441763","KRT7","TMEM158","PRKCDBP","MYH11","PPP1R14A","ZIC2","GCUD2","UBA6","MYB","FLJ20273","PTMA","PBK","SLC12A2","SMARCAD1","MAD2L1","KLF5"
"GSM2235556",6.513434,9.631472,9.011758,11.558117,6.08178,11.295508,9.778337,11.88753,12.050958,5.874646,6.384723,8.180979,9.191068,8.595985,8.479335,7.759182,8.432235,8.528281,6.635499,6.883194
"GSM2235557",9.112582,11.186781,12.384619,10.283608,12.318031,10.629358,11.487182,11.914801,8.798905,7.272854,6.268608,7.388231,9.219259,8.570037,9.265401,7.280285,7.026519,7.92511,6.501929,6.261719
"GSM2235558",8.802619,9.866587,13.044805,11.415105,8.086683,10.750356,11.742339,14.198791,11.483212,8.879141,5.8435,7.297522,10.224693,8.754148,9.96882,7.36392,9.675273,7.646149,6.324613,7.887399
"GSM2235559",9.174393,9.673667,12.596247,12.496858,13.365237,11.718297,10.570246,12.273726,10.180135,5.988147,6.377612,7.736333,8.857662,8.329193,8.90162,6.416012,8.738733,8.219242,6.339939,6.984392
"GSM2235560",9.033568,11.204261,9.682779,10.980482,9.914753,10.084125,11.93024,14.352066,11.75481,6.194537,6.150009,7.957055,10.243641,8.914464,9.927717,7.767402,10.082308,8.079214,6.754082,6.829152
"GSM2235561",9.30624,11.104253,12.720841,10.60821,10.941507,11.472783,11.759712,12.954449,9.765675,8.888853,6.386352,7.487024,9.606965,8.357871,9.840891,8.720002,9.815722,7.889503,8.090308,6.973153
"GSM2235562",6.871082,9.606385,8.082917,10.63327,10.956527,11.131051,9.983871,11.287794,9.222105,9.65973,6.894435,7.834823,11.174072,9.400623,9.782834,9.243757,9.589878,8.546406,7.804822,8.06363
"GSM2235563",7.415325,10.086479,13.783078,10.878887,10.655385,10.540609,10.32586,13.609185,10.770404,11.127863,6.857726,8.981848,11.262064,8.119514,10.001402,7.71146,8.693261,7.996116,7.519137,6.778051
"GSM2235564",7.421018,7.597563,10.22078,10.76786,11.027206,9.933588,10.063683,9.087035,8.653808,6.444059,7.736333,8.526284,10.521565,8.87616,9.712324,8.154155,9.085653,7.902532,8.184746,8.464888
"GSM2235565",8.863989,9.914753,12.121303,10.811719,9.531688,10.224058,11.671846,14.555408,12.439968,6.006837,6.192707,8.081758,8.345977,7.744635,10.110276,7.402262,10.301198,7.894207,6.207815,7.275155
"GSM2235567",10.605895,11.276553,10.384515,10.589594,10.322408,11.564762,11.656327,14.391595,12.067725,7.168512,6.336101,7.931609,8.915326,9.197951,9.701376,7.768119,9.063728,7.616765,7.014423,7.370888
"GSM2235568",6.164017,8.570037,9.139257,12.209033,10.798719,10.703904,11.002751,11.421042,10.570993,6.154562,7.761711,8.634981,9.775057,9.06328,9.612813,8.110244,6.424161,7.898517,6.31227,8.377722
"GSM2235569",7.153548,8.526673,7.27418,10.985255,9.307239,11.360069,10.109,9.210879,8.270123,6.260952,7.700493,8.527472,11.385123,9.691449,10.589594,9.401125,10.042791,8.366637,8.716299,8.32727
"GSM2235570",9.95291,10.004447,12.230272,11.616536,10.565696,12.062051,11.264308,11.544732,9.593048,5.928651,7.186255,7.920381,8.449266,8.720842,10.008191,9.00259,9.011292,8.037685,7.538748,8.095859
"GSM2235571",8.78403,9.004718,7.24797,9.903713,10.878887,11.889134,10.575729,9.55222,9.422441,5.753682,7.52776,8.893897,10.486214,9.346998,10.231939,8.790209,8.38676,8.156437,8.088845,7.861354
"GSM2235572",9.511081,9.864792,13.944233,10.215588,6.344555,9.488549,11.967907,14.304574,11.432263,6.69104,6.395447,8.660169,9.169348,8.203407,10.54215,8.06363,8.694447,7.753461,6.682338,7.676343
"GSM2235574",8.835048,11.114549,13.475041,10.57956,8.248427,12.987759,11.640544,13.683923,9.652781,9.989263,5.886495,7.790585,9.9996,8.422505,8.947443,7.489411,8.949598,8.133651,7.630042,6.826787
"GSM2235575",5.915834,8.065493,11.862444,10.649899,6.397538,10.071084,9.32937,8.589219,9.30913,10.297869,5.84072,6.538681,11.278819,8.27051,8.660966,7.483886,8.446189,7.889503,8.577245,6.10223
"GSM2235576",7.697998,10.694973,11.150616,9.729699,8.680623,9.733588,9.692558,10.016882,8.147018,6.130004,6.027857,7.73597,10.352021,8.507122,8.841342,8.585202,8.72443,8.254427,9.074433,7.522224
"GSM2235577",9.086547,11.500037,13.017975,10.400838,11.334638,12.45959,12.012711,14.131324,10.359669,8.180622,6.309157,7.190035,9.659188,8.419823,8.736655,7.542127,9.785101,8.394112,7.89924,6.664676
"GSM2235578",7.780658,9.220672,7.659586,10.451101,6.853675,11.909757,9.978418,11.847936,8.89307,9.369271,5.698781,6.722471,11.867397,9.106581,9.65495,9.974211,10.071752,8.43849,8.932828,6.831315
"GSM2235579",8.455881,14.293276,10.49973,9.97667,8.084833,12.342963,11.332376,12.805593,9.172067,7.585024,5.865535,7.647222,8.667748,7.39861,9.131507,8.311729,7.963336,7.842463,8.60833,6.071788
"GSM2235580",9.690378,10.388715,13.006476,9.846514,10.327911,11.591576,11.619298,13.52533,10.109623,9.728045,5.937758,7.186898,10.201573,8.045314,8.974347,7.120983,9.133368,7.830174,7.66276,7.223033
"GSM2235582",8.051965,10.095876,12.256163,10.459782,8.26897,10.948019,10.061867,13.224507,9.814068,10.952852,5.738306,8.215435,10.789331,8.842172,9.178045,7.42169,11.14443,8.4594,7.338531,7.52882
"GSM2235584",8.149684,9.856137,10.433872,11.027206,9.527607,11.966157,10.63327,12.908113,9.624589,7.187866,6.4258,7.52776,10.227999,9.492072,9.169348,7.824444,10.221422,8.054497,7.593765,6.937433
"GSM2235585",7.732771,9.431788,13.815676,9.678997,7.131695,10.564936,9.550698,11.009542,8.162441,7.586406,6.07977,7.046573,9.590425,8.793101,8.728088,7.660288,9.119787,8.433417,8.143681,6.90577
"GSM2235587",8.800511,10.304511,13.025635,10.34919,12.67065,12.123162,10.958453,13.145823,9.789567,6.171607,6.275504,7.237058,10.839806,8.654578,9.229172,8.354031,10.321745,8.166915,8.288173,7.206136
"GSM2235588",8.183592,10.61763,13.46554,10.406614,9.616052,10.263619,11.501346,14.378142,11.539551,7.278649,5.757108,6.582749,10.010015,8.089601,9.331871,7.166012,9.481474,7.974645,7.801937,6.864178
"GSM2235595",10.519353,9.685545,9.92128,11.597023,8.06363,11.290019,10.63165,13.224507,8.998643,9.980223,6.335417,7.835929,11.488435,9.227767,10.380854,8.004642,11.085778,8.128084,7.134224,7.919674
"GSM2235596",8.663748,9.646507,8.793511,10.202858,7.399254,10.960356,10.373872,12.149542,9.107061,6.079968,6.869787,8.154896,8.625825,9.125197,9.962937,9.214118,8.474589,8.53266,8.933725,7.213491
"GSM2235597",7.653602,8.162811,6.490088,11.107351,6.351117,10.44827,9.386078,9.757353,8.641776,10.212427,7.465006,8.475002,11.945505,8.75376,10.215588,9.720459,11.770522,8.556482,9.030023,7.742847
"GSM2235598",11.338135,9.444948,10.707191,10.466361,6.904932,11.646317,10.890735,13.509656,9.818015,9.955865,6.037393,8.169872,9.504928,8.18026,9.766223,7.681323,9.364326,8.238714,6.781105,7.377161
"GSM2235599",7.905415,9.570086,12.352196,10.79701,10.441016,11.213811,10.68043,12.370647,9.499644,8.755371,7.270857,7.666906,9.547621,9.292371,10.030343,8.63739,9.252162,8.224492,7.78172,8.163538
"GSM2235601",9.422441,10.26697,12.347658,9.95291,10.198933,12.049153,11.037966,13.207533,9.706859,6.110322,6.571694,7.975029,10.428799,8.98539,10.168925,9.360382,10.054445,8.262287,7.525361,7.84609
"GSM2235602",10.470731,10.433872,11.523757,11.213811,6.674343,11.925201,11.405449,14.096706,10.683703,9.281905,6.114563,8.210562,11.477868,8.685896,9.83582,7.476381,11.215951,8.197463,6.581456,7.142357
"GSM2235603",7.547898,9.05967,12.42307,10.651448,6.468471,11.957563,11.011552,11.124783,9.535819,5.777684,7.494465,8.604729,10.753636,7.637101,9.963512,8.619036,7.873648,8.212879,7.660288,7.745341
"GSM2235605",9.751209,10.652976,9.865385,10.294522,10.622326,11.448368,10.433872,12.280061,9.117081,8.605548,6.695509,7.754875,9.514725,8.700548,10.187193,7.488715,10.695759,8.002402,7.331016,7.634996
"GSM2235607",6.885104,9.315401,13.869038,10.059996,12.043832,12.137264,11.630785,13.150041,10.087107,7.315819,6.338343,8.680623,8.587187,8.687088,10.152581,7.873648,9.402654,7.975388,7.860975,7.71252
"GSM2235609",8.588811,10.552027,12.958262,10.329295,9.349994,12.420722,11.165431,13.455966,9.885065,6.798002,6.381413,7.434814,9.702472,8.34484,10.177558,8.115467,9.750081,8.129554,7.568051,7.644378
"GSM2235610",8.453543,11.194364,11.214868,9.955865,8.535048,11.475289,11.443465,13.944233,10.855634,8.287441,6.355779,7.866737,8.012292,8.557679,10.202858,7.563803,9.526652,8.208731,7.461046,7.633589
"GSM2235611",7.769209,9.238994,12.67065,11.154768,10.808161,11.34381,10.310842,12.808821,9.328891,7.648636,6.260841,8.18026,10.46492,9.60153,10.045774,8.105385,9.272433,8.121369,7.903631,8.153025
"GSM2235612",9.359338,10.7113,12.792677,10.600413,9.698623,11.34381,11.269705,14.169123,11.775256,9.0197,6.066226,7.729478,8.503951,7.905777,10.325194,6.791583,9.96114,8.06143,6.538681,7.67529
"GSM2235614",7.302749,9.130593,12.293412,9.97903,6.882673,10.864522,9.381127,11.265375,8.854266,5.823508,6.613893,8.227832,9.937087,9.427801,10.756074,8.88335,9.416557,8.263005,8.648992,7.594454
"GSM2235615",9.188234,10.608976,9.067726,10.821303,9.756803,11.548665,10.814393,13.145823,10.05134,5.740521,6.666044,8.224102,10.553521,8.988938,9.799294,9.113007,9.52963,8.328824,7.820518,7.796596
"GSM2235616",7.788788,9.215065,14.838502,10.029125,10.846091,11.143345,11.30105,12.176199,8.799319,6.131816,6.974623,8.758227,9.271451,9.178045,10.412278,9.096694,9.846514,7.866031,8.133297,7.857006
"GSM2235618",6.434461,8.640146,11.83485,11.438515,11.488435,11.449656,9.580992,11.105265,9.020125,6.459854,7.311965,8.890564,9.474849,10.887047,10.715332,9.615516,8.724053,8.533452,8.40986,8.469537
"GSM2235620",7.664099,9.911802,12.10559,10.881574,9.639555,11.560707,10.637944,10.872555,9.850523,8.086683,6.8748,8.292725,9.564333,9.766804,10.163651,8.666501,9.017972,8.009021,7.729478,7.989258
"GSM2235623",7.225892,7.72874,12.764006,9.626665,8.481268,10.63165,11.471524,9.926533,8.813075,8.996877,7.906496,9.413155,10.283608,9.833037,10.677205,9.9996,8.279133,8.362421,9.531175,8.760642
"GSM2235624",8.348277,8.461766,13.040997,9.879853,7.00852,11.119649,9.868957,11.012489,8.286284,10.811719,7.645438,8.999082,11.683329,9.166598,10.801265,9.822152,10.549778,7.854761,9.541982,8.818925
"GSM2235625",8.242083,10.652976,13.896073,10.557261,9.944127,11.091936,10.793575,13.973045,10.882502,7.400948,6.347147,8.292725,10.214925,9.132894,10.926469,7.658558,10.964207,8.2645,7.77675,8.999082
"GSM2235627",6.959468,9.65495,11.7273,9.821011,8.092204,11.36595,10.622326,11.186781,8.408755,6.725387,6.968296,9.0197,11.161162,8.445812,9.938808,8.436126,9.230545,7.971363,9.387963,8.407588
"GSM2235628",7.874721,11.071698,12.694627,10.041474,9.911212,12.685504,11.406636,12.313366,9.54001,6.225031,6.99493,8.475002,9.209025,8.724053,10.22603,8.212879,10.332794,8.449658,8.441587,8.315496
"GSM2235629",9.116636,10.155168,11.809742,10.524562,9.003483,12.365958,11.445949,13.245722,9.653317,7.959215,6.849665,8.252935,10.106522,8.512703,9.826725,8.983664,9.400623,7.949405,8.295743,8.273525
"GSM2235631",10.151278,10.608976,10.802083,11.067645,9.144735,11.210597,10.971736,13.587803,10.238602,8.207958,6.209218,8.468314,10.63165,9.296192,10.225343,7.98707,10.809067,8.262674,7.630042,7.928766
"GSM2235632",9.96882,9.857856,9.98265,10.461254,8.546802,11.184574,10.475932,11.914801,8.641776,5.817391,6.773968,8.500777,10.980482,9.20768,10.310842,9.749531,10.211154,8.400665,9.188234,7.853313
"GSM2235633",9.413155,10.286983,13.033355,10.831073,8.522708,10.524562,11.195476,14.229819,10.558763,6.255288,6.144558,8.602734,10.240463,8.578045,10.378699,7.64759,10.19367,8.129191,7.865285,7.809873
"GSM2235634",8.148556,9.608098,11.966157,10.522324,11.327657,11.786146,10.141104,11.316045,8.290073,6.099735,6.633465,8.17725,8.48169,9.975453,11.01349,7.389551,10.005082,8.285536,9.064154,8.59877
"GSM2235635",9.254021,8.486753,9.625623,10.681241,8.983216,10.833665,8.964323,10.077293,10.68043,7.684805,7.396286,8.756571,9.841434,9.855021,10.543677,10.624636,9.709612,8.556878,8.347525,8.940545
"GSM2235636",8.610305,10.601167,12.922126,11.640544,8.730561,11.445949,11.275444,13.944233,10.060611,5.605589,6.065105,8.035519,10.338923,8.879141,9.916563,7.284114,9.648598,8.223742,7.032468,8.126643
"GSM2235637",8.07006,8.166539,13.412452,11.287794,8.309088,10.176871,10.030343,10.960356,8.438887,5.951934,7.621984,8.636591,10.892605,9.164226,9.729699,9.360382,10.396592,8.216913,7.796238,8.059943
"GSM2235697",7.605979,7.750291,10.545252,6.981833,11.063675,10.174859,10.063059,9.711233,8.800122,5.902165,8.522332,9.099384,12.89472,8.315134,9.787366,10.458372,10.38013,8.521547,9.497567,8.678601
"GSM2235699",8.244675,8.596751,12.347658,6.637474,9.753981,12.380057,10.058796,12.430275,9.824434,6.543774,8.06219,9.610686,10.949935,9.16979,9.401679,9.375196,10.178908,8.539765,9.369271,8.640563
"GSM2235700",8.370868,8.25892,11.790886,6.172903,8.614738,11.212768,9.758421,13.609185,9.653317,7.259253,7.642329,9.374701,11.217068,9.813492,10.565696,9.493599,10.788501,8.261915,8.794342,9.288542
"GSM2235703",7.897107,8.255943,12.308817,6.379379,7.498847,11.701926,9.95467,14.198791,10.723632,6.351401,8.230023,9.169348,10.855634,9.579971,10.570993,9.078054,11.133154,8.443095,9.350514,9.408197
"GSM2235704",7.896401,8.762261,13.535618,6.850998,7.260543,10.546026,9.731951,13.951565,10.210518,8.438887,7.537743,8.733441,10.483981,9.475353,10.622326,7.909017,10.678008,8.309842,8.689973,9.546584
"GSM2235706",8.346747,8.318529,10.311515,8.881681,8.784433,10.74264,9.267276,11.680442,9.405169,6.057459,8.034827,9.346033,11.17623,9.647047,11.127863,9.684413,9.802051,8.04749,9.234303,8.949598
"GSM2235708",7.489411,7.682365,10.362511,6.072493,7.809873,10.435341,8.624639,10.791909,9.15445,7.221728,8.844639,9.724271,11.671846,9.858444,11.034082,10.018723,10.776316,8.167683,9.091667,9.686623
"GSM2235709",6.351953,7.381877,11.649164,6.898267,8.165767,10.956527,9.267755,8.722448,9.366276,8.221498,8.637801,9.192009,9.870712,9.866587,10.165592,9.842544,9.683855,8.112866,8.748538,9.057817
"GSM2235710",8.796039,8.117689,13.828958,6.755802,9.475353,10.940541,9.347982,13.288966,10.129791,5.867584,7.359258,9.991757,9.30913,10.068053,10.797835,8.671781,10.158508,8.511894,9.231957,8.505134
"GSM2235718",8.969559,8.570445,8.975208,10.726126,7.375178,10.605895,10.037757,12.447334,8.629026,6.297994,6.983509,8.673368,9.762847,9.951761,9.32595,8.917028,9.885676,8.115467,7.603511,7.89924
"GSM2235719",8.933269,9.433328,12.043832,10.997802,7.363258,11.259863,10.652976,11.177294,8.341441,11.008563,7.701919,9.308206,12.230272,8.629026,9.98329,9.078529,10.197,8.261162,8.166149,8.384123
"GSM2235720",8.620272,9.859041,13.545522,11.105265,10.472922,10.952852,11.163309,10.221422,8.654196,5.676497,8.049363,8.550869,10.443903,8.825051,9.105209,9.041473,9.573217,8.354419,9.718827,7.646524
"GSM2235721",7.917064,10.090252,13.593006,10.843452,10.27419,12.178202,10.896197,10.397299,8.248807,9.866587,7.425087,9.167075,10.581844,9.547104,10.343035,9.509528,9.763399,8.450437,8.784827,8.766795
"GSM2235722",9.512111,9.348503,13.808809,10.942421,9.093457,10.691749,11.768918,12.186153,8.466055,7.978679,6.94084,8.568506,10.13294,8.960375,10.087107,8.607166,9.59888,7.789505,7.567014,9.568505
"GSM2235727",7.797302,8.324152,12.644329,11.245604,8.43301,9.927717,10.475932,10.868932,8.318529,7.114547,6.63952,9.246534,10.439607,10.086479,9.918894,8.384506,9.97667,8.548417,7.762066,8.066262
"GSM2235730",7.674954,7.982662,12.180246,11.310246,8.604729,9.960553,9.585145,10.873419,8.694029,5.896822,8.116227,9.105209,11.319504,9.292371,10.046413,7.904348,9.033568,8.388344,8.531894,8.129925
"GSM2235732",9.427311,9.57893,12.040131,9.640116,8.584015,11.358976,10.639554,12.275864,10.200937,6.810307,8.612735,8.999502,10.880672,9.362848,9.77947,8.767636,9.606385,8.155688,9.008654,8.888428
"GSM2235735",9.079871,8.737901,14.685837,9.29812,10.61763,10.970837,10.165592,9.256462,7.916711,5.743812,8.359397,9.32499,10.806439,9.724812,11.35192,10.175556,9.454643,7.984518,9.571618,9.54452
"GSM2235737",9.118863,8.403309,12.253968,10.164275,7.471944,10.436089,8.957806,10.755244,8.544437,8.527472,7.819118,9.128333,13.17046,9.780068,10.610566,9.021479,9.959956,8.219242,8.193003,8.576857
"GSM2235738",6.404187,8.142549,5.901186,9.964124,6.081917,9.509022,9.597267,11.9063,8.260046,10.209275,8.462527,10.138594,12.368282,10.614403,11.555416,11.059677,11.480545,8.472694,8.869827,9.388943
"GSM2235739",6.976686,8.604729,10.883397,9.770719,11.688998,10.966037,9.967668,8.988035,7.97685,5.931783,8.580032,8.845077,10.682024,9.879853,10.544436,9.97242,9.200251,7.659586,9.045806,9.435328
"GSM2235740",7.165375,8.206446,11.044811,10.581844,10.846091,9.32937,9.395241,10.860089,8.02182,5.819676,7.278981,9.502265,10.863689,11.204261,10.625474,7.897811,9.676865,8.360527,7.385241,9.381616
"GSM2235742",9.404181,9.429824,8.777777,9.689827,11.590262,11.232206,10.260966,9.393755,7.219796,6.441215,8.073013,9.348503,9.230545,9.744507,10.725332,8.377722,9.194712,8.313639,8.467943,8.889719
"GSM2235744",5.955976,8.529076,12.182244,9.178472,10.831073,9.98329,10.851274,10.708908,8.855487,5.947918,6.748451,8.733022,8.696426,10.42236,10.587241,7.423414,10.168925,8.376581,7.383902,8.753329
"GSM2235746",8.414526,8.259294,10.282969,10.520839,6.94735,7.960695,9.948137,10.973678,8.053792,5.846194,6.677108,8.733441,9.691449,10.07238,9.258312,7.906136,10.999754,8.42059,7.581175,7.939902
"GSM2235748",9.995914,9.052973,8.143288,8.631834,8.065879,9.271973,11.205379,13.560847,10.823983,5.796566,8.642593,8.724053,10.704717,6.911653,10.611365,11.090856,10.018117,8.094027,8.11878,9.219259
"GSM2235749",8.025846,8.439283,10.98624,8.107256,10.532181,9.465212,10.246962,8.984951,8.141799,5.884517,9.039228,9.06282,11.512935,9.217871,10.793575,9.581512,10.182067,7.707324,8.218086,9.977829
"GSM2235750",7.441567,8.583588,9.650677,10.248984,10.705531,11.786146,10.013116,12.000082,10.708908,5.842113,7.893852,9.397189,11.606645,9.635744,10.660227,9.012195,9.732504,8.206084,9.162807,9.007782
"GSM2235751",7.404593,7.244755,11.679013,8.223345,6.252894,8.035178,8.218849,9.400623,7.287726,5.710383,7.620627,8.915326,10.89438,9.125648,9.057372,9.965909,7.527416,8.22525,9.214593,7.413014
"GSM2235752",6.228656,7.375859,9.200251,10.459782,8.743975,9.468725,8.744406,10.493003,7.737769,5.825609,7.594796,9.567496,9.256908,11.368384,11.03208,8.611949,9.543544,8.460972,8.800511,9.474335
"GSM2235754",6.908278,9.747304,12.764006,10.699815,10.130459,12.225864,10.669085,10.755244,8.25967,7.489411,7.018858,8.234931,10.330008,9.521465,10.127786,8.510699,9.819833,8.242831,8.618633,9.470737
"GSM2235755",8.812218,10.360396,10.819588,10.166955,9.555986,11.479262,11.241167,14.178852,11.640544,6.76768,6.533787,8.499608,9.959956,9.104773,10.332794,6.928679,9.911802,8.45196,7.209644,8.648586
"GSM2235759",9.266811,11.605196,7.22365,10.529901,8.252193,10.503413,11.662028,13.109625,11.084761,8.151177,7.156371,8.613152,9.390881,9.641707,10.983316,7.848608,10.050762,8.400665,8.006108,8.634183
"GSM2235764",7.926933,7.917849,13.719869,10.071084,11.781459,10.722858,11.336952,8.410257,8.476593,7.015624,7.952758,9.308206,9.852762,9.686623,10.195668,8.104303,8.861479,8.160182,8.396803,9.201162
"GSM2235765",8.056283,10.161124,12.200655,10.769554,10.098414,11.991055,10.987232,11.75816,9.503306,5.572395,7.061438,8.647772,7.950915,9.230545,10.539846,6.384264,8.725629,8.485986,7.03098,9.128333
"GSM2235767",10.049501,11.223559,8.726468,10.340275,8.159448,8.866095,11.534309,14.315948,12.352196,6.146909,6.286448,8.62067,8.770137,7.971749,10.715332,7.431115,10.134216,8.277267,7.280285,7.380882
"GSM2235769",6.878858,8.261162,11.640544,10.308752,8.488338,11.145406,9.672064,9.447546,8.739131,5.876128,8.434585,8.581192,10.746022,9.863625,11.479262,8.167683,9.618158,8.250288,9.717161,9.43585
"GSM2235772",8.375428,9.120681,11.962589,7.02564,9.919495,10.699815,10.187193,13.828958,9.839183,6.455565,9.316778,10.060611,11.19327,10.824874,13.044805,9.415083,11.391147,8.539351,9.493599,11.334638
"GSM2235782",9.085232,9.110728,12.437614,9.120219,12.198561,12.579715,10.652976,8.71267,10.216224,6.964333,7.817337,9.540995,7.469519,8.213962,10.8389,7.914216,7.973557,8.425259,9.054738,7.555918
"GSM2235787",9.192435,10.71693,13.842326,7.055151,9.614427,10.372462,11.434802,12.37763,8.798905,8.280252,8.494958,8.86904,11.496177,9.962937,11.165431,8.632228,11.139172,8.160942,7.633929,9.860757
"GSM2235788",7.334255,8.165767,11.139172,8.013335,6.000996,9.940593,9.444948,9.413155,7.425417,5.779085,8.257052,9.418956,11.382776,9.79705,11.459939,9.326429,9.74058,8.312096,9.965909,9.656603
"GSM2235792",7.114236,9.084319,13.121585,7.672857,11.139172,11.291132,11.601079,12.854374,8.676974,8.518086,8.995542,9.19012,8.926037,11.055674,11.649164,9.854432,10.948019,8.380322,9.537917,10.155168
"GSM2235793",8.850466,9.872446,12.318031,7.006726,8.956508,11.864243,10.849535,14.040739,10.636386,8.734607,8.062546,9.47124,11.356588,9.775584,12.007189,8.81059,11.626343,8.399499,8.809752,9.910065
"GSM2235795",10.784009,9.054738,13.044805,9.737319,10.612145,11.949091,11.150616,9.69586,9.294268,8.919211,8.211332,8.993351,10.284297,9.220672,10.967998,9.769601,10.352713,8.414908,9.584627,8.360918
"GSM2235798",7.75631,8.664505,7.471944,9.579439,10.927417,10.754456,9.067264,8.119887,7.737769,10.385921,8.655764,9.342088,11.895945,10.071752,9.993504,8.704936,9.354883,8.387938,10.105897,9.356421
"GSM2235799",8.278754,9.070385,11.496177,9.518314,6.810585,10.987232,8.525504,9.107504,8.272392,5.91785,8.134795,9.052973,9.930641,10.016239,11.254394,8.392157,10.557985,8.522332,9.837466,8.101381
"GSM2235813",8.32567,7.499525,13.033355,6.274237,5.693022,9.744507,8.663748,10.915245,8.171347,7.975388,7.409349,8.942685,11.000781,9.141063,9.496066,8.969559,10.185302,8.525504,8.584804,8.400266
"GSM2235814",10.123397,9.165697,13.105602,6.0584,10.189129,11.038914,10.125271,12.271415,9.091667,5.832847,7.775662,8.48406,10.054445,9.735732,10.591915,9.234303,10.333496,7.983401,9.792403,8.657376
"GSM2235816",10.222754,8.71306,13.052386,10.157832,10.886154,10.953778,9.784555,12.342963,8.696821,6.543195,8.140326,9.570086,9.73838,10.313573,11.860807,8.627446,10.600413,8.291586,8.823383,9.27998
"GSM2235818",7.050987,8.5,13.05617,10.321745,12.192325,10.161124,9.903713,11.859173,8.415286,8.229684,8.216913,9.937087,10.11277,10.102226,11.790886,9.587277,9.404181,8.310209,10.011288,9.194712
"GSM2235819",7.506106,9.736251,13.315495,10.809938,11.024193,10.580316,10.150024,11.814477,8.999082,10.3653,8.498444,8.952172,10.966998,9.153499,11.724162,8.212091,9.690923,8.035519,10.573427,7.967655
"GSM2235823",10.299189,10.127786,12.602179,11.181484,8.584804,10.169581,10.776316,14.048571,10.277561,8.752498,6.956867,8.784827,10.469299,9.505946,11.681896,7.07706,11.56206,8.224885,7.425417,8.381081
"GSM2235824",9.970599,10.036499,13.094025,10.655385,9.494569,9.762847,11.210597,14.304574,11.048769,5.903933,6.660525,8.729356,9.274285,9.690378,11.364723,7.031902,10.598114,8.531479,7.042366,8.67098
"GSM2235826",9.762847,9.922439,14.017934,11.58886,10.226657,11.267526,10.518539,9.864233,8.558479,7.348047,9.279509,9.852762,10.534516,8.442728,12.21536,8.798905,8.770571,8.277267,10.753636,8.838398
"GSM2235827",9.433328,9.897329,12.915276,11.443465,9.340673,10.630164,11.097043,14.240314,11.776727,5.902693,6.968296,9.159534,9.947574,9.80779,11.476639,7.168216,10.719477,8.222258,7.993942,8.941413
"GSM2235831",7.258931,7.642329,14.475015,6.794904,9.192435,9.119316,9.252622,11.606645,8.389873,6.865241,8.686685,9.715564,9.280951,10.899832,12.345288,8.291991,10.802083,8.159086,8.638195,11.058704
"GSM2235838",8.75904,9.785665,10.318246,5.947312,11.681896,10.908013,10.388002,13.494674,10.458372,5.962895,8.442728,9.257395,11.017322,9.325501,11.992899,8.914464,10.46492,8.007153,7.7803,9.972987
"GSM2235840",8.449266,8.030533,12.098118,6.83658,6.636167,11.221351,10.316229,8.109877,7.769209,6.680437,10.898861,8.880022,11.441035,9.699168,11.407905,9.877609,9.92887,8.488338,11.145406,9.692032
"GSM2235841",6.710916,9.258775,12.558346,6.096323,10.016239,11.219208,9.506993,11.181484,8.681836,8.868165,8.892653,8.523931,10.002601,10.429484,11.971301,8.616648,11.660542,8.376207,9.425868,10.682871
"GSM2235843",8.594333,8.536225,13.374968,6.049699,10.393769,11.01349,10.363182,11.381588,8.489096,8.234572,8.334584,8.832528,9.899703,10.047702,11.597023,8.856807,10.907087,8.331106,9.639555,10.607432
"GSM2235846",6.899697,7.367246,10.290437,6.139575,7.983785,10.000771,9.364818,9.280461,9.829049,6.141062,7.807328,9.068605,6.795679,11.509059,10.690188,7.310959,9.761176,8.095508,8.523137,10.304872
"GSM2235849",8.895166,10.25826,11.373072,11.065737,11.851193,9.790135,10.987232,11.798696,8.35518,8.09365,7.653602,9.0197,9.18917,10.270205,11.63639,7.713225,9.851652,8.422505,8.994216,8.207225
"GSM2235850",10.268925,10.029125,10.40733,10.971736,10.099701,10.692585,10.321745,12.950763,9.425373,7.082768,6.910284,8.692032,8.831723,10.689384,11.325381,7.725605,10.621595,8.485605,8.424022,8.731409
"GSM2235855",9.386532,8.299199,12.295673,11.02328,7.305955,10.073556,8.844639,11.564762,7.89924,5.807437,7.677426,8.993785,9.271973,10.295201,11.943808,7.855896,9.804374,8.399886,9.135637,7.88265
"GSM2235863",7.711816,10.396592,13.010299,9.786228,9.45013,9.74506,10.899832,13.719869,9.830753,7.783479,6.955694,8.86943,9.717161,9.163278,11.356588,7.397286,10.901643,7.967655,8.226739,10.323791
"GSM2235864",8.261537,9.874743,14.405477,8.977417,10.76027,10.45181,11.830124,13.125463,9.284769,7.440201,7.982662,8.618228,9.95644,9.86837,11.096015,8.210216,10.090252,8.084064,8.698837,10.316229
"GSM2235865",7.011771,9.26632,13.855649,9.571103,10.889785,10.678008,9.652266,10.467066,8.919211,5.983446,8.748138,9.180292,10.284989,10.022988,11.270862,9.79982,8.60753,7.985235,10.287674,9.987507
"GSM2235866",8.053064,9.743946,14.60695,10.079184,9.827297,11.657718,10.835391,11.75332,9.04804,7.24797,7.823343,9.373238,9.294784,9.752857,11.613675,8.640563,10.361114,8.548417,9.594093,9.702472
"GSM2235867",8.919603,8.959961,11.30105,9.54452,11.556867,10.003779,10.859204,13.51482,9.642731,8.444632,8.359397,9.619293,10.176197,10.443903,11.522433,8.856355,10.707191,8.55166,10.07238,9.881589
"GSM2235878",9.294784,8.941845,13.587803,9.027861,7.294196,11.40187,9.379587,10.062451,9.210879,7.556257,8.529472,8.862751,9.262067,9.691449,10.741065,9.135637,9.344542,8.041694,9.523041,8.170624
"GSM2235879",9.16979,11.157961,14.040739,9.616052,7.87578,11.980335,12.049153,11.862444,8.481268,8.739963,7.869683,10.029125,7.437817,9.153048,11.552607,8.793101,8.881272,8.462527,9.481474,8.463723
"GSM2235881",9.432791,8.582389,11.258787,9.166598,10.758591,11.342674,9.360876,11.643366,8.234197,7.044144,6.934864,9.055601,10.462761,10.659426,11.421042,7.733112,10.04214,8.49376,9.27292,9.188711
"GSM2235882",9.55171,9.671534,11.613675,9.588839,10.058796,10.465657,10.010606,11.633469,9.157209,6.009455,8.160182,8.794342,9.214118,10.173522,10.927417,8.737901,9.873005,8.066622,9.461681,8.475002
"GSM2235883",10.358933,9.505946,8.693261,8.994668,9.169348,11.730275,10.59426,12.808821,9.767374,5.98215,7.193206,8.675356,9.202519,11.047778,11.055674,9.244694,11.330078,8.236071,9.536868,8.043507
"GSM2235884",10.229912,11.185675,8.310209,9.192907,9.357875,11.247881,10.637195,11.151664,8.245833,6.460027,7.166328,8.828424,11.700447,9.771266,11.320751,7.487694,12.115483,8.316651,7.892039,8.336859
"GSM2235886",8.634584,10.846958,13.241499,9.387463,9.419956,12.143329,10.9462,9.597818,8.135149,8.933269,8.645272,9.287069,9.798764,9.910065,11.580706,9.667886,9.706859,8.097342,9.650677,8.658585
"GSM2235888",10.461254,8.995115,12.228049,10.3653,9.43031,10.608976,11.069649,11.58886,9.072146,6.205281,7.599293,8.818925,10.529134,10.641936,11.660542,8.399114,11.355455,8.383726,8.715908,9.059204
"GSM2235889",8.700946,7.671083,12.742068,10.827548,10.822226,11.243358,9.649632,9.799294,11.377937,5.714232,8.489096,9.730258,11.450937,9.567496,11.20207,8.153025,10.243016,8.491405,7.149489,10.191726
"GSM2235899",9.179803,9.902506,14.753716,9.481474,11.117673,11.34381,10.68043,11.257639,8.460614,9.203942,8.278754,9.132894,9.45013,9.899125,11.369522,9.349034,9.911212,8.523931,9.910065,8.69803
"GSM2235901",6.679037,10.650653,12.799217,9.17893,10.494545,11.674698,11.326518,9.673128,10.177558,8.373877,7.865692,8.385271,8.862308,9.237579,10.502699,7.942405,9.427801,8.185884,8.898635,9.055175
"GSM2235902",9.94875,11.58211,6.784628,10.26827,9.040619,11.027206,11.2389,14.315948,11.943808,6.094048,6.500246,8.641776,8.456281,9.000792,10.897086,6.548343,9.736779,8.20196,7.808045,8.27574
"GSM2235903",7.133286,9.873005,7.437501,10.277561,10.25826,11.528987,10.483981,12.079102,8.794746,7.109142,7.637814,9.454643,11.040848,9.992908,11.434802,8.419044,9.989263,8.367015,8.666119,9.816291
"GSM2235904",6.660284,11.266442,12.887923,9.27998,12.15772,11.770522,11.111442,13.802279,10.597353,5.984617,8.238337,9.516812,9.278095,9.51159,10.978623,8.276886,8.619036,8.479335,8.565298,9.55277
"GSM2235906",7.274839,8.617437,10.813572,9.721542,10.521565,11.512935,9.710128,10.191726,7.883052,9.310537,8.215051,9.00124,11.281021,10.410823,11.725744,8.844639,10.673882,8.364331,10.252947,9.811176
"GSM2235928",9.02464,9.993504,10.700656,8.715908,11.847936,11.987442,11.310246,10.063683,7.71856,8.528281,8.615882,9.614427,9.672064,9.949999,11.246782,9.51527,9.237579,8.400266,9.028274,8.948715
"GSM2235931",8.947869,7.818765,11.057738,9.069041,8.567685,9.959359,8.815955,9.627728,7.575306,5.99901,8.849644,9.564867,9.714536,10.841634,11.99655,8.754941,11.918197,8.534253,8.550459,9.718827
"GSM2235933",10.553521,12.15772,12.786048,10.634807,8.023272,11.457404,11.214868,13.324275,10.639554,5.876904,6.687306,8.19,8.975208,8.870668,10.885212,7.17405,9.466654,7.370225,7.852233,8.163196
"GSM2235934",10.239851,9.538957,13.587803,10.042791,6.859889,11.811377,10.512517,11.311421,8.284388,6.048822,7.972504,9.319192,9.838042,9.303865,11.190058,8.995542,9.483029,8.5,9.429824,8.021073
"GSM2235944",12.135161,11.033082,10.470731,9.778337,8.400665,10.935936,11.055674,14.293276,11.41272,7.985235,6.624351,8.007878,10.953778,9.049803,10.830191,6.758522,10.806439,8.331482,7.335211,8.082156
"GSM2235945",8.851767,9.881589,13.393519,10.18333,9.206765,11.221351,10.221422,12.499384,9.045391,5.70606,8.258212,9.639016,8.650175,9.043211,10.672325,8.427168,9.056007,8.184746,9.558146,8.55166
"GSM2235947",8.125157,8.003903,9.077597,9.438807,10.974671,9.804959,10.428086,8.364331,7.42135,10.243016,8.431882,9.588322,11.123771,10.187193,11.28215,10.152581,10.177558,8.163538,9.587277,9.571618
"GSM2235948",11.244498,10.377327,7.413665,8.381859,6.295468,11.95243,11.966157,14.219418,11.833248,5.86338,6.99289,8.739131,8.038749,7.248586,10.650653,6.988194,8.973487,8.541709,7.308312,6.489714
"GSM2235950",11.862444,10.898861,5.982596,8.16207,6.067165,11.150616,11.373072,14.419212,12.318031,6.647666,6.269936,8.716299,7.474297,6.756796,10.235973,6.149612,9.201623,8.194472,6.545563,6.254512
"GSM2235951",9.380071,10.735326,12.533436,10.048321,9.596231,11.106322,11.536937,14.271338,11.985592,6.570417,6.372095,8.651828,8.237995,8.196004,10.948019,7.32443,10.176871,8.435767,7.567014,8.034827
"GSM2235952",6.067353,8.264886,14.365182,9.142024,11.854352,11.19327,11.831799,9.14844,7.584677,8.180622,7.783479,9.712916,8.76184,9.580459,11.789245,8.821421,9.179381,8.488338,9.347501,9.972987
"GSM2235955",6.623268,9.368768,9.058258,9.521465,10.584167,11.136197,11.07965,12.40163,8.664505,9.462716,7.349678,8.724053,10.244322,9.791845,11.26319,8.902899,11.587538,8.496867,9.859611,9.544037
"GSM2235957",8.084833,8.833811,11.895945,10.662645,9.312482,10.77891,9.880415,11.684713,8.09365,7.719958,7.384571,9.73786,12.213228,9.681673,10.71693,8.076687,10.043999,8.387938,9.525644,9.130593
"GSM2235958",9.013057,9.487563,8.479721,9.373238,9.95291,10.632461,10.550512,14.315948,10.93767,6.099057,7.140455,8.624237,8.944842,8.950852,10.670699,7.166634,10.857395,8.053064,7.351654,7.811981
"GSM2235962",6.798002,9.648598,13.82234,10.527639,12.119375,11.477868,12.163714,11.878874,8.016268,9.817447,7.935229,8.568506,10.736154,8.529472,11.392355,8.446189,8.315496,8.227462,7.686954,9.087499
"GSM2235965",7.714291,10.536821,7.167589,10.81266,9.222598,14.20907,10.331343,6.100629,9.727506,9.890311,9.24518,8.798495,8.010487,7.200439,10.280314,10.136127,8.128084,7.966239,6.764944,9.79982
"GSM2235966",9.068605,8.833811,8.700128,11.434802,7.066558,9.457653,10.791005,12.324697,9.413155,5.966298,6.355066,8.455478,8.567685,10.398745,10.569459,6.638148,10.49528,8.304458,6.67855,7.846774
"GSM2235967",6.158125,7.434814,6.088736,11.159013,8.96651,11.79408,10.272141,7.66898,7.966591,8.494958,8.585202,8.455881,11.960876,6.432985,10.182067,10.34233,8.880423,8.405615,9.033568,7.703704
"GSM2235970",9.486042,11.703355,14.088746,10.691749,11.2389,10.919893,11.693284,10.888819,8.691194,6.138339,7.000821,9.317741,9.899703,9.324496,9.80779,7.924717,9.637384,8.541709,7.38856,8.339923
"GSM2235971",9.162807,10.243641,6.491556,9.739477,7.086413,9.942386,10.349914,11.737865,8.858922,7.734547,6.865241,8.438091,11.966157,9.932996,10.133583,8.730148,11.122768,8.251052,6.635712,8.308692
"GSM2235974",6.537275,7.381877,10.415875,10.293142,12.145462,9.302403,8.942254,8.262674,9.47124,8.489472,8.580416,8.871506,10.323791,9.674203,9.786821,8.936288,8.832957,8.50751,7.169482,9.900829
"GSM2235975",6.154722,7.708392,9.191544,10.817804,6.267506,9.371736,8.640146,7.880817,8.054497,5.992158,8.3548,9.587277,11.264308,10.481049,10.724497,9.421947,10.168289,8.257438,8.273136,9.250295
"GSM2235976",9.077597,7.88484,6.085146,9.612253,7.087907,10.561099,9.394748,7.149817,7.756663,9.583095,8.598358,10.282353,11.542125,9.72588,10.261653,9.645956,9.928298,8.003903,7.549261,10.368189
"GSM2235978",6.736507,9.335813,14.707594,10.511762,6.332202,10.390888,10.217535,8.879141,7.763845,8.011238,6.839001,8.647345,10.134216,9.273351,10.303174,8.614738,10.097164,8.356337,8.453926,7.794803
"GSM2235979",8.520789,10.243016,10.76027,10.540609,9.865974,11.326518,11.037008,12.228049,9.724271,6.222586,7.26731,8.520015,10.739383,9.665709,9.86949,8.048991,9.656603,8.151938,8.503527,8.136266
"GSM2235981",7.632493,8.733022,11.974955,10.222096,8.230793,10.557261,9.629859,8.977844,7.99178,7.879347,7.449257,8.956508,9.048475,9.422912,9.860757,8.240967,8.724817,8.014099,8.163936,8.015907
"GSM2235982",7.568051,9.075763,13.360687,10.524562,11.809742,10.596602,11.22461,12.950763,8.809752,8.206446,7.073463,9.213644,10.634807,9.658172,9.945815,8.400665,9.474849,8.255556,8.546027,8.260046
"GSM2235983",9.366786,9.537385,11.128957,10.738576,6.585242,10.322408,10.581081,12.795863,10.026689,6.251412,7.288379,8.933269,10.037156,9.298605,10.182721,9.508001,9.59888,8.29881,8.763543,7.408684
"GSM2235984",8.466425,9.564867,10.840753,10.260966,9.581512,10.506456,10.664246,11.221351,9.860757,9.451069,8.032676,8.766394,9.718827,9.424397,9.866587,8.623064,9.00259,8.378867,9.218795,8.181748
"GSM2235985",9.756803,8.88335,11.049772,10.288407,11.234362,11.701926,9.804374,11.038914,9.282867,5.950136,7.148255,9.061855,8.513475,9.899703,9.262067,8.67655,9.371251,7.774216,7.917064,8.367423
"GSM2235986",8.223742,8.276886,9.958773,10.535291,9.135637,10.343035,9.924187,12.082849,8.671781,7.484927,7.320134,8.999502,11.075689,10.0847,9.934768,9.317741,10.213069,8.56244,8.928132,8.560494
"GSM2235987",10.102226,11.021328,13.896073,10.738576,12.742068,12.126995,11.980335,12.585339,8.542884,9.005616,7.131695,9.241398,9.453634,9.275703,10.252947,9.801486,9.431293,8.51311,9.029584,8.425259
"GSM2235991",9.395712,10.170893,13.815676,9.491586,8.72123,10.577237,11.02229,12.697284,9.492072,5.675146,6.587947,8.420968,8.279502,9.235276,11.014469,7.017984,9.02464,7.774216,9.090269,8.790209
"GSM2235992",6.739152,10.323106,11.590262,9.366276,10.701451,9.845948,10.343035,11.742339,8.866506,5.868662,7.81982,8.643745,11.056692,9.470246,11.258787,8.754941,10.814393,8.488716,8.054131,9.965909
"GSM2235993",10.044592,9.580992,13.643346,9.425373,7.556257,10.868055,10.088374,12.280061,9.208589,5.71542,7.647222,9.075347,10.581081,9.769601,11.551263,8.601544,10.030963,8.429155,8.329555,8.529472
"GSM2235994",7.193863,9.060122,7.822623,9.573705,6.336368,12.541605,11.572762,14.521454,12.507469,5.758303,6.127461,8.725206,5.895188,5.765225,10.844335,5.882317,9.044958,8.044945,5.944335,5.851241
"GSM2235996",5.866849,10.444634,9.550698,10.76786,10.554267,12.898044,10.726126,9.71825,8.951742,6.615204,6.637474,8.871083,11.649164,8.835873,11.369522,8.014848,10.945245,7.28347,6.225126,8.236434
"GSM2235997",8.128084,8.691636,9.301923,10.442456,11.890831,11.960876,10.573427,9.394261,7.940983,9.100766,9.32595,9.495569,11.613675,9.263041,10.966998,9.18305,10.127173,8.262287,7.243801,9.834123
"GSM2235999",7.722829,8.708218,7.072579,9.580992,11.548665,10.400838,10.326578,10.192992,8.369357,6.316297,8.277267,9.589365,10.489275,9.81294,11.052733,10.536821,8.911081,8.331863,8.857236,9.386078
"GSM2236000",6.983233,9.953497,8.90507,10.301198,9.114354,10.16762,9.647047,11.213811,9.033568,5.728674,8.260046,9.232903,9.648087,8.91489,10.564133,8.26791,8.182123,8.212879,6.624553,8.991591
"GSM2236003",7.003146,9.705773,10.376578,7.828408,9.971854,8.888428,11.021328,14.446868,11.764245,5.975412,6.572308,8.58199,9.119787,9.105209,10.412278,7.376484,10.626995,8.398714,6.925035,8.81975
"GSM2236004",7.682713,8.490628,8.126256,10.945245,10.690943,9.494096,9.254021,9.842,7.966591,8.381463,7.079423,9.340673,10.688605,10.085296,11.002751,7.677426,9.878163,7.810574,8.198978,9.650677
"GSM2236005",6.139426,9.639016,11.212768,9.399648,11.89954,11.262064,11.008563,9.279509,8.061789,5.638098,8.497652,9.460172,10.630164,9.454137,11.662028,9.48906,7.834134,8.181372,7.823701,10.115821
"GSM2236006",6.579361,8.091095,6.024862,9.160503,8.361302,10.76027,9.789567,13.094025,10.414435,6.906322,8.72443,8.736263,8.721633,10.629358,11.598389,7.958858,10.211809,8.544052,8.813468,10.335529
"GSM2236007",7.85915,10.616016,13.930595,9.961747,8.552843,10.93767,11.156919,12.688493,8.535836,9.92887,7.753125,9.995914,10.459097,9.427801,11.239987,8.511894,10.354158,8.419823,8.611949,8.699284
"GSM2236008",10.640378,10.96323,10.918067,9.658693,9.621941,10.114592,11.015429,14.240314,11.120693,5.964163,6.628094,8.711855,8.96207,8.619454,11.652058,7.194494,10.026689,8.304093,6.950801,7.620627
"GSM2236012",8.745669,8.040965,14.261298,8.169872,11.137138,12.098118,10.532928,9.778902,8.578045,7.575991,8.278576,10.324509,10.840753,9.925394,11.41272,8.633758,10.488553,8.466425,10.164275,9.279509
"GSM2236013",9.643277,8.693261,13.869038,9.407191,8.827579,10.14177,9.495079,9.655481,9.059204,5.72546,8.774877,9.877609,9.631472,9.831905,10.895253,10.452526,9.418483,8.291213,9.385115,9.227273
"GSM2236015",9.153979,9.026004,9.425868,6.861516,9.996555,10.637195,11.230025,14.391595,11.964405,7.113028,7.103684,9.354416,11.387508,9.857272,11.356588,8.061067,11.9063,8.485219,7.738845,9.075347
"GSM2236021",10.672325,9.737319,11.949091,7.493774,9.018423,9.9014,12.000082,14.293276,11.394646,6.146426,7.359258,9.448068,9.588322,9.28238,10.799551,8.917893,11.220343,8.56244,8.299951,9.666286
"GSM2236025",10.649899,9.720459,12.368282,9.003483,8.638595,10.898861,9.84762,13.216162,9.102977,6.160503,7.920761,9.381127,9.855021,9.93007,12.782854,7.522224,11.211711,8.490628,7.419698,9.671036
"GSM2236026",9.044516,10.469299,9.479406,8.185516,7.314565,11.492276,10.6044,14.188783,11.770522,7.04082,7.279968,9.321082,9.229172,9.080295,12.219644,6.325531,10.975614,8.386019,6.663297,9.752308
"GSM2236037",8.526673,9.681184,13.875654,10.45181,11.564762,10.905272,11.624986,13.744891,10.301891,6.799822,6.858257,8.827579,7.485955,9.73838,10.14368,7.221093,8.645272,8.259294,7.480423,8.841759
"GSM2236043",8.861908,8.971321,12.624692,10.646756,7.005815,10.166955,10.23127,11.089794,9.465707,5.908071,7.839161,9.169348,10.011911,9.669996,10.428086,9.213644,10.670699,8.511503,9.260184,8.801348
"GSM2236045",6.355493,7.533196,13.017975,9.146568,10.698195,9.000792,8.399886,10.985255,6.621738,8.120996,8.744406,9.977259,11.164354,10.931187,12.47418,9.301923,11.657718,8.498444,10.208623,10.436089
"GSM2236047",9.184959,9.339682,9.889709,9.79705,8.611541,9.811176,10.198933,11.748585,10.150024,6.930305,9.04804,9.731407,11.507805,10.278941,13.994775,7.734189,11.985592,8.549641,8.8455,11.908017
"GSM2236049",10.729454,7.902893,8.69762,7.606656,6.965454,9.736251,9.406213,11.790886,9.80779,6.034129,10.436089,10.163042,11.40187,9.138346,14.002306,9.682198,12.07151,8.371243,9.900276,10.921756
"GSM2236051",9.545028,8.855075,11.650624,7.374202,8.867735,9.686623,10.640378,13.744891,10.874384,5.968724,8.847169,9.853329,11.335794,10.388715,13.757123,8.141074,12.403961,8.148154,8.378493,12.442389
"GSM2236054",7.512976,10.204747,8.21962,10.026689,9.628811,10.252947,11.148563,14.122403,11.052733,8.783624,6.641495,8.904632,11.691858,9.031782,11.603839,9.003039,10.727783,8.458209,8.460614,8.594733
"GSM2236058",7.726322,8.517705,13.545522,10.252947,8.12024,10.088999,10.425983,13.509656,9.525143,6.217208,7.774216,8.887587,10.687769,9.449613,10.784009,8.090707,10.260966,8.376964,9.104773,9.077147
"GSM2236059",8.649798,10.008191,10.278258,10.202219,7.068937,12.489286,11.137138,11.71515,9.551203,6.146825,7.462056,9.274285,9.882766,10.077889,11.025194,8.350155,9.90888,8.401795,8.289686,9.628811
"GSM2236060",9.431788,10.293818,10.658633,10.93019,8.440037,12.764006,11.40301,13.571492,9.541479,9.571618,7.433496,8.880423,9.186802,8.741152,10.564133,8.452731,10.13233,8.062904,9.173,7.746761
"GSM2236062",7.552031,7.514308,9.003039,10.969864,7.928361,10.438876,10.068646,11.123771,8.265276,8.059943,7.497852,9.30049,11.409166,9.913539,10.993965,9.185396,10.226657,8.29651,9.637895,8.687088
"GSM2236064",8.079558,8.217306,13.695771,10.98919,8.141799,11.603839,10.504177,9.124311,7.39397,9.443939,7.814496,9.290005,12.08844,9.492561,11.304565,10.528397,10.665831,8.522708,9.515785,8.919603
"GSM2236066",10.478834,9.588839,7.636746,5.995776,9.843094,11.194364,10.088374,13.545522,10.665831,6.923957,8.266825,9.612253,11.273127,10.564133,11.699043,9.836338,11.415105,8.256319,9.142024,10.681241
"GSM2236067",8.395302,6.837903,15.095797,6.220317,5.944844,9.071708,9.782276,12.700309,9.184497,6.069178,8.499608,9.767374,9.123427,10.274892,11.624986,8.842172,11.601079,8.426786,9.519352,10.141104
"GSM2236073",6.573983,8.508694,9.383599,9.998321,8.226739,9.821011,9.818635,13.29782,10.318246,9.45616,9.651714,9.262067,9.288033,9.97903,12.679486,9.477886,10.272825,7.994681,9.149365,10.347867
"GSM2236078",7.483167,7.17896,9.443939,11.662028,7.19258,8.313281,10.664246,11.111442,8.509494,6.353233,8.922149,9.398675,11.567437,10.262297,12.891371,8.77692,10.840753,8.304093,9.670495,11.657718
"GSM2236080",6.476902,8.546406,13.320003,9.060122,6.578533,12.069553,10.524562,12.049153,9.171568,7.524331,9.017055,9.863064,10.984254,9.301923,12.644329,8.895166,11.19327,8.022526,9.300962,10.262949
"GSM2236083",9.128333,7.404593,8.343311,11.416243,6.352655,8.69803,9.372234,11.875671,8.436126,6.458166,6.596328,9.049803,8.180622,11.316045,12.871076,6.321923,12.077151,8.194858,6.669953,10.345077
"GSM2236086",6.612592,9.428805,10.031565,9.941753,7.88046,9.069938,10.218787,10.803817,8.72123,9.285213,7.232942,8.438091,11.809742,10.30054,10.63327,8.159828,10.786722,8.294628,8.831723,8.849245
"GSM2236088",7.011168,9.593593,11.226803,9.532733,9.912364,11.595627,9.916563,11.801959,8.81975,7.565228,8.165767,8.664112,12.812192,10.675488,10.48177,8.76929,11.321943,8.437301,9.594617,10.207342
"GSM2236090",9.505408,9.251223,13.271162,9.661885,9.303865,10.853945,10.077293,13.407679,10.045774,7.722117,6.21605,9.32595,12.050958,10.719477,11.295508,7.69872,11.388789,8.040194,8.894748,9.663502
"GSM2236094",6.722923,8.478935,13.802279,9.783411,8.98671,10.040859,9.719899,13.403079,9.181236,8.662166,8.904219,8.776516,12.241206,10.766166,10.826665,9.150284,11.218114,8.40986,9.717161,10.355504
"GSM2235566",8.248427,9.288033,8.525896,10.493749,10.704717,9.857272,11.165431,13.577028,10.372462,5.853832,7.601778,8.835873,10.524562,9.102977,10.127786,8.745669,7.708747,8.823383,7.303078,8.133297
"GSM2235573",8.445419,9.712324,12.297807,10.109,10.958453,10.321039,10.634807,13.923372,9.951761,6.069114,6.081448,7.803379,9.757855,8.836259,8.822199,7.097555,9.891503,8.629026,7.494801,7.08337
"GSM2235586",9.97903,11.603839,13.078589,9.367278,5.82957,10.776316,10.748584,13.609185,9.945815,7.133909,5.928787,7.610463,10.43021,8.03018,9.429824,7.622997,7.803379,8.677394,8.002049,6.111402
"GSM2235589",7.706619,9.290475,7.307996,10.25826,10.56644,11.555416,10.437512,10.124646,8.208352,8.404092,6.207243,8.345977,11.180362,8.750108,9.233363,9.004302,10.639554,8.839232,9.028274,8.293071
"GSM2235593",8.809752,9.063728,11.737865,9.894886,9.633046,10.574937,9.901965,10.821303,8.500396,10.608976,6.537275,8.51504,11.371868,8.965205,9.9014,10.452526,10.696559,8.952582,9.038391,7.770271
"GSM2235600",7.475665,10.528397,11.974955,9.866587,9.087966,12.604926,10.926469,10.958453,9.141546,8.642187,6.622833,8.689126,11.536937,8.641776,9.889709,8.928999,10.71052,9.195146,8.603132,7.280603
"GSM2235604",6.977834,8.989376,7.89924,10.399452,8.015201,11.205379,10.34163,9.484043,8.160182,7.877912,7.345433,8.361687,8.176849,8.871083,10.102847,9.257395,9.545028,8.845077,8.492967,7.82943
"GSM2235606",10.513267,11.690424,10.155168,10.222096,9.186334,12.027425,10.947127,13.436658,9.642202,8.284758,6.259748,7.753461,10.958453,8.641388,9.963512,7.342783,10.956527,8.896461,7.22238,7.018858
"GSM2235608",6.009402,8.001675,9.439313,10.171589,7.371891,10.270205,9.008654,9.347982,8.394524,9.841434,7.473325,8.835477,11.320751,8.875318,10.645977,10.099064,9.422441,8.760262,9.468725,8.75376
"GSM2235613",7.015924,8.310209,9.080778,10.623828,7.462374,11.14443,9.2531,10.318246,9.913539,6.063918,7.068644,8.97829,10.182721,8.607933,10.013116,9.992908,9.741702,8.905932,9.810648,8.121369
"GSM2235617",7.780995,9.79982,10.719477,10.319613,8.014487,10.84782,9.065046,10.074791,8.33956,5.77122,7.279635,8.671378,12.147492,10.265636,10.997802,9.634648,10.595756,8.966924,9.714536,9.275703
"GSM2235619",8.151938,8.891426,10.578738,10.413008,8.479335,11.501346,9.706277,13.306759,9.625623,9.396209,7.708747,8.346372,10.9462,9.701911,10.520839,9.472264,11.62358,8.695604,8.777339,8.822993
"GSM2235621",6.964891,9.744507,10.308752,11.789245,10.351338,11.841324,9.051161,10.354158,8.030894,6.421161,8.314014,8.923442,11.973182,9.29286,10.792739,9.340204,11.436039,8.714657,8.640947,9.737319
"GSM2235622",10.444634,10.415875,6.83235,10.935936,8.287441,11.107351,10.616836,13.070949,9.533249,9.276654,6.607664,8.706592,12.067725,9.158629,10.871666,7.127118,12.209033,8.629026,7.750291,9.390406
"GSM2235626",8.720842,10.395236,10.614403,10.6044,9.158629,12.661633,10.945245,13.719869,9.851652,8.887587,6.796963,9.098493,11.488435,9.588839,11.358976,8.34484,11.082724,8.840078,8.285536,8.677784
"GSM2235630",8.948715,11.409166,8.008651,10.9462,6.338343,11.759712,11.331179,12.590797,10.073556,9.684413,6.129698,8.145512,11.379167,8.900732,9.823278,7.818413,11.806695,9.03314,7.288379,7.86205
"GSM2235695",6.186006,6.3049,11.17623,5.899497,11.27429,7.140791,8.728512,7.852581,7.120384,6.136586,9.792403,10.403031,9.513126,10.622326,12.812192,9.35988,10.021726,8.700548,9.158629,9.1817
"GSM2235696",7.266331,7.384571,5.923322,6.639286,6.767171,10.336912,8.694029,11.162223,7.513627,9.007371,8.545607,10.26827,12.494292,10.030343,11.415105,11.01059,11.033082,8.808074,10.719477,8.618228
"GSM2235698",6.072557,7.543514,6.827322,6.23126,7.012641,9.836338,8.635795,10.492297,9.396696,6.031722,8.115467,8.83339,9.593593,9.676347,9.723729,10.181415,11.019302,8.685896,8.531479,8.185131
"GSM2235701",6.3334,7.774216,8.22263,7.230032,6.291395,10.040268,7.87578,7.479735,8.438091,5.996399,8.348625,9.317741,12.476917,9.263511,9.852762,9.565922,11.059677,8.728951,9.486042,9.795319
"GSM2235702",7.066237,9.188234,14.048571,6.716435,10.323791,12.030985,9.986916,13.094025,9.000357,5.893907,8.010487,9.259227,10.143052,9.35886,10.237283,8.553697,10.203488,8.680623,8.46568,8.838398
"GSM2235705",7.636392,8.88335,13.965954,6.59402,6.537693,9.27524,8.800511,12.375339,8.858922,8.827161,7.750291,9.039684,10.374535,10.000771,10.622326,7.978305,10.345765,8.673752,8.448101,9.840346
"GSM2235707",8.466055,7.691887,10.396592,6.823924,9.651714,10.787612,9.321564,9.658693,7.977211,8.229684,8.660966,9.313486,10.962273,10.539846,11.063675,10.184639,11.030092,8.638595,10.500457,9.986272
"GSM2235711",7.536723,7.245393,13.577028,6.454366,7.082469,9.671036,8.94357,11.429771,8.370479,6.945378,8.195252,9.705235,11.020298,10.262949,11.146449,10.144304,11.13417,8.723244,9.984494,9.429824
"GSM2235712",5.644899,6.404502,7.731318,6.497049,7.851136,9.629859,7.84575,7.925454,8.017772,5.801416,9.41162,9.922439,11.333465,9.533726,11.02911,9.860179,10.423756,8.805945,8.850048,10.743462
"GSM2235713",7.841017,9.553843,11.501346,6.376039,8.410639,9.177137,9.863064,14.229819,11.206466,9.314933,6.913025,9.726906,11.465182,9.843692,11.030092,7.360584,12.324697,8.96607,7.738483,10.499037
"GSM2235714",6.258986,7.902893,10.348554,6.695272,7.175862,9.356421,9.37424,9.772386,7.667614,6.275961,8.757405,9.583095,11.489671,10.523132,11.253326,10.766166,11.836485,8.943138,9.420441,10.629761
"GSM2235715",7.710806,8.473089,12.63017,7.191274,7.624028,9.90888,8.473856,7.469519,7.357593,5.691958,9.067726,9.995343,11.019302,10.164913,11.148563,10.125883,9.742829,8.850886,10.252947,9.615516
"GSM2235716",5.873213,7.889868,10.350641,6.807206,7.461046,12.123162,8.96124,12.847739,8.287441,7.128004,9.706859,9.286602,12.754591,8.665717,11.613675,9.087499,10.981457,9.550205,9.924187,9.402654
"GSM2235717",8.791867,9.57893,10.701451,11.46384,6.556119,10.125271,11.166585,14.328301,10.143052,8.287441,6.905485,9.017972,11.745473,9.401125,9.54001,8.302207,11.992899,9.386078,7.683781,8.121749
"GSM2235723",6.254084,8.528281,7.690142,11.484554,8.304458,10.63327,10.096508,9.776152,7.950521,7.073463,8.486753,8.713847,10.389438,9.758421,9.831905,9.634122,9.432306,9.39917,9.366786,9.589878
"GSM2235724",8.02182,9.653862,12.857678,10.682871,10.983316,10.732001,11.091936,13.010299,8.829627,5.774102,7.890977,8.949151,10.098414,8.501541,9.934195,10.038362,8.938451,8.577651,9.435328,8.15079
"GSM2235725",6.545364,8.701758,10.088999,10.713688,10.165592,10.665021,10.739383,10.106522,7.867838,10.063059,7.56139,9.701376,8.682243,8.850048,10.313573,10.813572,7.444916,8.948271,9.386532,8.212493
"GSM2235726",9.167527,9.747304,12.789398,11.207539,5.554786,9.111248,10.689384,12.904755,8.89822,5.664927,6.752352,8.924724,10.27151,8.663748,9.448068,8.270861,8.756174,8.567685,8.087746,7.150446
"GSM2235728",9.394261,9.880984,10.339618,10.59426,9.422441,11.826894,11.20207,12.825032,8.823383,8.777339,7.651452,8.872371,10.93404,9.177137,10.182721,9.73083,10.66101,9.06462,8.628263,7.843553
"GSM2235729",8.491405,8.860605,12.271415,10.54215,9.603698,9.555986,10.997802,13.789437,9.648598,5.925988,7.354623,9.334302,9.109801,10.024213,9.886874,8.737477,9.989876,8.792684,8.703337,8.510282
"GSM2235731",7.187539,7.679919,6.124753,10.729454,5.916998,9.831905,8.131806,6.710673,7.359589,10.459097,8.116968,9.343599,12.103699,9.905988,10.89438,9.822709,11.472783,8.933269,9.048917,8.663334
"GSM2235733",10.626235,9.346033,13.719869,9.165697,10.773741,12.730055,11.387508,11.407905,8.368557,8.496485,7.811607,9.628276,10.641936,10.093398,11.481846,9.834123,10.458372,8.587187,8.600343,9.496563
"GSM2235734",6.446919,9.088444,6.474793,9.637895,8.572457,10.761981,9.764552,9.044516,8.681836,5.957122,9.162807,8.874483,7.902893,9.929473,11.164354,9.389921,9.596754,8.64299,8.877831,9.709612
"GSM2235736",6.305782,8.571655,10.356872,9.500161,9.595702,10.291123,8.065879,7.747828,8.349002,6.093306,8.371977,9.311987,12.049153,8.797702,10.329295,8.77445,9.678487,8.684662,9.859041,8.540543
"GSM2235741",5.781991,9.802051,10.541356,9.066823,6.312653,11.092924,10.949935,11.598389,8.706193,5.882138,7.862422,8.612735,9.795892,9.641707,11.684713,9.103444,8.424022,8.659366,9.197951,8.634981
"GSM2235743",7.959215,9.311483,10.343708,9.914753,6.659578,11.570041,10.600413,10.740227,8.605548,9.54966,7.715347,8.877831,11.122768,10.042791,10.640378,8.814284,11.175146,8.969559,8.974766,8.68791
"GSM2235745",8.389873,9.683344,12.984168,10.122094,6.31555,10.598114,11.161162,13.707373,11.616536,6.093033,7.280924,9.335813,10.764471,8.715908,10.712083,8.412551,9.077147,8.88551,8.655764,8.520382
"GSM2235747",6.015213,8.447742,8.906806,9.357401,8.945273,10.883397,10.293142,12.457136,8.830462,8.298412,8.182869,9.989876,12.582654,10.151902,10.795324,10.462761,11.450937,9.263511,9.770719,9.404696
"GSM2235753",8.03733,8.59079,6.467049,10.137995,6.311536,10.949935,10.143052,12.349909,8.717564,5.871489,7.665853,8.860183,8.434966,10.124021,10.837179,8.399499,10.47955,8.917028,8.611541,8.128453
"GSM2235756",8.944842,11.233236,7.679592,9.964124,8.196004,10.347152,10.248292,10.983316,7.896758,8.766394,7.892794,8.96651,10.517812,9.808907,10.844335,7.590634,11.098019,9.002113,8.540543,9.653317
"GSM2235757",7.890592,10.118962,13.070949,10.013779,9.613334,11.89954,10.047039,10.866269,10.368908,5.675994,8.03733,8.914464,9.314423,9.153499,10.427399,9.457162,8.812218,8.598358,9.747879,8.970433
"GSM2235758",5.932008,7.20553,13.994775,11.011552,10.103459,8.597924,10.178186,13.17046,8.789776,5.994007,7.686223,9.143825,10.176871,10.690943,11.242275,7.974645,10.396592,8.930688,9.626665,9.937687
"GSM2235760",7.41936,9.579971,7.887399,10.557985,8.395686,9.963512,11.048769,13.097726,8.934566,6.485716,7.970618,8.823797,12.036449,9.614427,10.876139,9.180771,9.562249,8.639382,8.750108,9.463703
"GSM2235761",8.876983,9.914753,10.647552,10.530679,6.422749,10.46049,11.226803,14.293276,10.911638,8.832957,7.118193,8.67655,11.602518,9.372234,10.088374,9.042338,11.454749,8.870668,7.738845,8.099577
"GSM2235762",6.56548,9.079871,8.918336,10.435341,7.090598,9.596754,9.147539,11.617935,8.153392,10.682871,7.64268,8.935416,11.297748,10.34163,10.934952,10.010606,11.205379,8.870259,9.871313,8.884234
"GSM2235763",8.764729,8.342932,12.342963,11.391147,6.23883,10.208623,9.457162,12.742068,8.503527,7.22879,6.832099,8.848825,11.477868,10.239263,11.035076,9.663502,10.469299,8.940545,9.142923,8.603537
"GSM2235766",7.084029,8.570037,11.388789,10.536073,6.805187,11.22461,9.380614,9.228255,8.966924,5.780868,7.773499,9.232903,10.3025,9.299068,10.470731,8.2177,9.12476,8.692856,9.833037,9.573705
"GSM2235768",10.03402,8.458603,14.779048,10.993049,6.446919,12.079102,10.23262,11.29449,7.802308,7.409674,7.460377,9.354416,8.618633,9.582551,10.983316,9.138346,8.375048,8.750479,9.172067,7.957439
"GSM2235770",8.449658,8.772302,12.418282,7.993219,11.826894,11.275444,9.462716,12.647081,9.494569,8.310209,8.911891,10.268925,11.500037,10.898003,13.379436,9.037956,11.775256,9.061855,8.083688,11.803504
"GSM2235771",8.240967,9.055601,12.043832,7.563803,10.961302,10.98919,9.775057,13.52533,10.095876,7.109142,9.057817,10.060611,11.285591,10.802954,13.23719,9.185868,11.691858,8.617857,8.859778,11.542125
"GSM2235773",7.595811,9.124311,12.891371,6.87454,9.683344,10.229912,10.241731,13.701654,9.45013,7.258265,9.273798,10.174859,11.00178,10.632461,12.854374,8.811382,10.992088,8.663748,8.848423,10.803817
"GSM2235774",7.22879,9.235276,13.374968,6.70739,9.155358,9.420441,9.69586,13.450942,9.48906,7.122211,8.367807,10.08103,10.189745,10.489275,12.667702,8.304832,10.831073,8.979121,8.302611,10.327911
"GSM2235775",6.728512,9.368274,13.470377,6.78085,9.967091,9.906557,10.210518,13.35602,9.811176,8.019981,8.666119,10.405872,10.46049,10.26028,12.918678,8.251052,11.131051,9.047584,8.280649,11.074726
"GSM2235776",7.290584,9.256462,13.677759,6.146672,9.707961,9.865974,10.130459,13.72609,9.690923,7.817337,8.296885,9.901965,10.161766,10.283608,12.864394,8.03195,11.164354,8.816403,8.195635,10.841634
"GSM2235777",7.627541,8.95389,13.094025,6.994653,9.545028,10.11835,10.025462,13.436658,9.380071,7.958149,8.443849,10.354827,10.164275,10.362511,13.182639,8.314756,10.827548,9.162346,8.61704,10.865353
"GSM2235778",7.530847,9.236182,12.014448,9.567997,11.143345,11.330078,10.481049,11.34381,8.400665,8.809752,8.139964,9.568505,11.718297,10.204747,11.383997,9.163278,10.143052,8.77445,9.42488,9.585662
"GSM2235779",6.966612,8.960375,6.613893,8.784827,6.618287,9.662408,10.570993,10.140467,7.603154,10.854808,7.947928,9.931256,8.559269,10.823983,11.231119,10.860089,9.333322,8.873618,10.336211,8.75904
"GSM2235780",7.477405,9.033568,13.951565,8.837958,7.679592,9.099856,8.775271,9.32937,7.319792,5.768928,7.184337,9.264456,10.299885,9.911802,11.229018,8.390265,11.059677,8.843835,9.197458,8.803027
"GSM2235781",8.228211,10.099064,12.486723,8.86904,6.557778,11.235562,9.314933,9.882202,9.235729,5.805879,7.480074,9.24799,10.864522,8.538954,10.630893,8.809348,10.161766,8.739534,9.811176,8.868165
"GSM2235783",9.965317,10.456911,12.834547,8.805945,10.959418,10.969864,10.672325,12.922126,9.487563,6.695989,6.905485,8.839658,9.792403,10.319613,11.652058,7.697282,9.463703,8.56324,8.195252,8.806375
"GSM2235784",9.335813,8.389123,6.101052,8.979594,7.492427,10.571806,10.226657,7.093276,7.550986,10.325194,8.501541,9.619822,12.030985,10.467066,11.786146,9.559207,10.609761,9.085232,9.508521,8.938877
"GSM2235785",7.018266,8.635795,7.967655,9.367278,5.963672,9.797622,9.222105,10.926469,7.817337,10.902569,7.734881,9.896722,10.749473,10.666652,11.99655,10.320353,10.071752,8.933269,10.235288,8.692467
"GSM2235786",9.701911,10.137352,10.64355,6.214808,7.942793,9.667886,11.222547,14.282018,10.756074,5.937196,7.390568,9.474335,9.401679,9.064154,11.038914,7.727013,10.84523,8.597924,7.228142,8.754148
"GSM2235789",8.246597,7.973191,9.323993,7.344398,10.25826,9.314933,9.745624,12.89472,8.923871,10.05134,8.121369,9.980801,10.601167,10.363868,11.098019,9.909463,10.530679,8.881681,9.297175,10.104661
"GSM2235790",9.69586,7.958149,9.898537,6.349204,7.534612,11.018294,9.1817,11.914801,8.209116,9.052493,8.187417,9.52963,11.00178,10.969864,11.500037,8.182508,10.443196,8.972604,8.593941,10.913462
"GSM2235791",9.161445,9.605305,14.624518,6.642425,9.273798,9.750081,10.309449,13.93754,10.498254,7.886312,7.919294,9.465707,8.896461,10.329295,11.554018,7.831936,12.10559,8.683066,8.973035,9.497083
"GSM2235794",9.203942,9.185868,9.630413,7.096046,6.118127,11.311421,9.875307,10.116441,8.039081,5.838603,9.098945,9.925982,10.219459,10.076657,11.570041,9.425868,11.273127,9.087035,10.440317,9.709063
"GSM2235796",9.469748,9.732504,9.609664,8.187795,8.187417,10.915245,10.554267,14.017934,9.956993,8.96651,7.004659,9.354883,11.643366,10.254251,11.306843,8.242083,11.442255,9.220672,8.865663,9.210412
"GSM2235797",6.459349,7.355266,5.894394,10.298504,6.677108,11.639215,8.564466,9.684413,7.379215,11.825352,7.536053,9.203453,10.605895,10.289077,11.311421,9.287069,9.501695,8.647345,8.778582,9.398675
"GSM2235800",8.27574,10.398006,13.713511,9.09255,10.065496,10.438876,10.64355,13.802279,9.434818,8.105385,7.384571,8.940136,9.530653,9.925394,10.736154,7.856644,10.879777,8.764316,8.10951,7.848238
"GSM2235801",10.081685,9.896722,11.652058,9.252622,10.724497,11.269705,10.336211,12.821781,9.683344,6.877776,7.133909,8.704936,9.738925,10.642762,10.983316,8.257831,11.112537,8.563622,8.141074,8.657376
"GSM2235802",7.790238,7.062381,11.136197,6.155204,7.118827,10.325194,7.613642,7.581533,7.238622,5.761422,9.206765,10.408053,10.757721,10.732795,12.481881,9.937087,11.222547,9.352456,10.284297,9.899125
"GSM2235803",6.688685,8.56164,8.248807,6.271977,6.658941,9.643801,8.87616,11.368384,8.017772,9.24799,8.964776,10.129094,12.107579,11.461315,11.86581,9.765124,12.760747,9.655481,10.071084,10.855634
"GSM2235804",7.617444,9.056007,9.448584,6.284065,9.7907,9.364818,10.168289,14.188783,9.662953,5.656828,7.187539,9.594093,7.757729,9.807194,11.510359,7.065092,10.783166,8.57444,7.117281,8.876582
"GSM2235805",6.924507,9.462716,11.246782,6.071534,10.596602,11.379167,10.816027,14.304574,10.208623,9.545542,7.317141,10.085851,10.547561,9.385603,12.073372,8.376964,11.765847,9.008229,6.995212,11.07965
"GSM2235806",6.01575,7.35992,8.977417,6.08833,10.405149,9.736251,9.668396,8.240612,7.343414,5.858401,8.711855,10.446063,8.965638,10.53837,11.471524,9.246106,11.516869,8.608717,7.97212,11.444713
"GSM2235807",8.387526,8.870668,14.261298,6.459349,11.017322,10.536821,10.026065,12.313366,9.110728,7.055151,9.064154,9.811176,10.011288,10.852199,11.724162,9.905431,10.581081,8.60833,9.705235,10.496704
"GSM2235808",8.250288,8.1474,13.944233,7.769933,5.956117,9.407697,9.607257,12.273726,8.475411,6.590221,8.424022,9.870076,10.443196,10.752782,12.568922,8.488716,11.686223,8.60753,9.124311,10.360396
"GSM2235809",7.951315,8.580802,10.751972,6.518944,6.231976,8.380322,9.180771,13.499655,9.785101,6.489714,7.938813,9.222105,12.155654,10.094049,10.975614,9.116636,10.626995,9.18966,8.816806,10.637944
"GSM2235810",7.940983,7.938438,8.668553,9.765124,10.327254,11.073741,10.716162,8.320075,7.610463,10.047702,8.497652,9.425373,11.432263,10.358215,11.25003,10.821303,10.444634,9.054304,10.777205,9.86135
"GSM2235811",8.537009,9.780633,12.293412,8.530652,6.428888,10.045774,9.846514,13.271162,9.903121,5.732712,8.207958,9.070828,10.843452,10.315521,11.204261,10.598114,8.8068,8.982311,10.885212,9.218795
"GSM2235812",6.353519,9.177603,9.323471,7.825519,9.274761,10.312898,9.425373,12.359099,8.656543,6.355642,8.075599,9.55277,10.377327,9.495079,10.303174,8.94357,11.052733,9.179803,9.042338,8.858066
"GSM2235815",6.719593,8.404092,13.360687,6.042694,8.120996,10.097761,9.651196,10.22603,7.769209,8.198232,8.092547,9.146096,11.270862,8.595142,10.673882,8.956078,10.411564,8.562852,11.090856,8.989822
"GSM2235817",7.25437,8.504735,10.500457,10.237283,7.277681,10.627778,9.705773,9.197458,8.184366,5.811982,8.404466,9.726399,9.196081,10.726946,11.198827,8.824193,11.331179,8.696015,9.925982,8.632613
"GSM2235820",10.253585,9.822152,11.383997,10.444634,10.36603,10.949935,10.591148,13.35602,9.900276,10.629358,7.164427,9.050268,10.281622,9.892659,11.264308,8.04312,11.3057,8.84047,8.825908,9.863625
"GSM2235821",7.843553,8.899489,9.777229,10.707191,7.866031,10.310133,8.759849,12.084711,8.120996,6.870327,7.877196,9.104773,10.720325,9.926533,11.966157,9.79705,10.254251,8.779409,9.576819,10.046413
"GSM2235822",7.707687,8.241713,7.15543,10.210518,8.525504,10.184639,8.906354,7.805155,7.468783,5.860394,9.327418,9.256908,10.201573,8.657778,12.021979,9.225889,10.25826,8.670574,10.011288,7.962561
"GSM2235825",9.991159,10.368908,10.712083,11.331179,9.968246,11.590262,10.773741,13.540472,10.498254,8.952582,8.594333,8.728088,9.857272,10.037757,11.870664,8.540143,11.02815,8.8068,9.129686,8.967787
"GSM2235828",7.047166,9.685545,11.88753,6.290929,5.904743,10.940541,9.885065,7.380224,7.465334,11.170824,8.788528,10.151278,11.058704,10.469299,12.161745,9.941753,12.349909,8.980945,10.378699,11.362386
"GSM2235829",9.97242,8.001274,11.452239,6.089136,10.535291,10.186573,9.069041,9.461681,7.235479,9.852216,9.028274,9.539475,11.171855,10.850415,12.538776,8.860183,12.143329,9.018423,10.546779,11.257639
"GSM2235830",6.518367,7.463353,14.538789,5.875825,9.750656,9.676865,9.456666,10.444634,7.490737,8.467554,8.514249,10.388002,10.029125,11.178352,12.121303,7.792358,10.926469,8.579656,8.675356,11.106322
"GSM2235837",8.17099,9.273798,8.032305,5.862469,7.018266,9.731951,9.693641,8.401417,7.206747,6.579361,9.533249,9.201623,10.523841,10.187193,12.40163,8.928132,10.363868,8.711062,10.59426,10.985255
"GSM2235839",8.926889,7.841746,13.059659,6.162771,10.574937,9.463703,10.536073,13.603817,9.420441,6.015862,8.763543,9.940593,10.291123,10.136694,12.211211,8.888015,10.295201,8.624237,9.113914,9.418483
"GSM2235842",6.741122,8.700128,12.854374,7.189733,12.03463,11.17623,9.963512,12.016323,9.346033,9.16001,9.087966,9.737319,9.927717,8.735845,11.379167,7.954532,11.564762,8.585574,10.257586,10.649899
"GSM2235844",9.914143,7.411322,9.180292,5.996825,6.705256,9.548627,8.581192,10.583402,7.897811,9.732504,8.492184,9.763399,11.532946,10.498254,12.032899,9.609664,11.164354,8.964776,10.707191,10.43092
"GSM2235845",9.186802,8.436126,8.264126,6.002371,6.179591,10.028495,9.083447,12.700309,8.697245,9.892106,9.482513,9.699168,11.641921,10.571806,12.688493,9.890925,12.770196,9.378603,10.491502,11.219208
"GSM2235847",8.335353,9.217404,12.712222,11.498728,6.811637,8.424022,9.108895,12.840946,9.78119,6.666274,8.466425,9.654411,10.461254,10.239851,12.169944,9.060548,9.616052,8.791448,9.703574,8.931546
"GSM2235848",9.240447,10.486984,10.985255,11.040848,8.927287,7.677426,10.712083,14.315948,11.745473,6.230256,6.996724,8.863989,10.296539,9.824434,11.551263,7.458688,11.196594,9.003039,8.303731,8.759849
"GSM2235851",7.459033,8.402172,11.748585,11.376748,8.160942,8.929853,8.357491,7.446238,7.338851,6.502126,8.583588,9.041065,8.539351,10.817804,11.089794,8.542497,10.732001,8.915326,9.555986,9.638448
"GSM2235852",11.42722,9.087499,11.243358,10.204747,8.627059,8.818096,9.896722,12.469462,9.020598,6.963463,7.027436,9.159534,9.233844,9.037054,10.920786,7.11758,9.998966,8.568506,7.735264,7.982662
"GSM2235853",9.087035,8.059943,13.029419,10.823983,6.396941,9.373238,9.255477,10.443903,7.802308,9.699168,8.231163,9.357401,11.742339,10.482481,11.935244,8.968692,10.641936,8.952582,8.979121,9.963512
"GSM2235854",7.851862,8.702966,7.764573,11.036033,10.045774,10.359669,8.904219,11.633469,9.079443,9.113464,9.273798,8.687506,9.466185,10.868055,11.713736,8.301817,10.81868,8.738733,9.515785,8.980069
"GSM2235862",8.882909,9.681673,12.40163,8.977844,6.444563,10.314859,11.275444,7.185627,9.528113,5.846939,7.999815,9.519876,9.575769,9.57735,11.377937,8.213241,10.219459,8.773572,10.50495,8.157568
"GSM2235880",10.223377,9.870712,12.172085,9.753418,10.246962,10.585703,10.344386,11.836485,9.016625,6.668796,7.810217,8.844235,11.393499,10.29247,11.808242,7.55862,11.037966,8.603936,9.401679,9.089791
"GSM2235885",8.755762,9.868957,13.029419,9.548627,10.717798,11.535632,10.750356,8.087746,7.795501,9.773991,7.925818,9.840346,10.306609,9.058736,11.83485,9.263998,9.291429,8.914022,9.094846,9.482513
"GSM2235887",9.303392,10.002601,10.077293,9.546055,8.905526,11.398276,9.957578,9.343599,9.992908,5.938303,8.921288,9.333813,10.988216,8.76312,11.515548,8.642187,10.355504,8.888853,10.312197,9.513652
"GSM2235900",8.359397,10.195668,11.911498,9.333813,10.626235,9.831905,9.870076,8.469537,7.602812,7.156673,7.779603,9.010844,10.124646,10.284297,11.048769,9.312482,10.383773,8.597924,9.075763,9.571103
"GSM2235905",9.967668,9.964717,13.288966,9.886874,6.148251,9.693641,11.051745,13.923372,10.333496,7.554505,7.516725,8.720842,8.838398,10.125271,10.816027,7.85988,9.270087,8.566507,8.221866,8.306343
"GSM2235907",7.426102,9.051161,8.402172,9.542499,11.914801,11.828527,11.587538,9.259227,7.61605,9.878163,8.394913,10.323791,8.581192,9.882202,11.9063,9.709063,8.538954,8.832957,9.751209,9.583095
"GSM2235908",8.362794,10.410149,12.167817,10.090859,9.774515,10.571806,11.296583,12.103699,9.301437,9.380614,7.822995,9.037054,10.536821,9.59199,11.434802,8.512703,10.817804,8.726025,8.229684,10.534516
"GSM2235909",6.974931,8.58638,8.628651,10.189129,6.607876,9.953497,9.838042,12.090462,8.460614,11.703355,7.994681,8.972194,11.363592,10.18333,11.26319,8.629026,8.977417,8.625825,9.26632,8.991591
"GSM2235910",8.667332,9.146568,14.961711,9.465707,6.632581,11.706186,10.660227,11.209525,7.952403,8.861908,8.078841,9.611731,10.094049,9.803798,11.725744,9.121623,9.32499,8.632613,9.315859,8.520789
"GSM2235921",7.514983,8.560877,8.180622,9.839183,6.264374,10.059372,9.100323,10.802083,10.007571,10.296539,8.571655,9.046258,12.165715,9.702472,11.375522,9.296192,10.715332,8.875318,9.244219,9.524595
"GSM2235922",7.409349,8.947443,13.338213,10.34163,7.475322,10.438197,9.094846,9.045391,8.768023,9.334809,8.638981,9.587832,11.145406,8.908929,10.898003,10.066745,9.589365,8.599185,8.966924,9.288033
"GSM2235923",6.937999,9.16842,12.987759,9.574238,10.093398,10.790193,9.844834,11.057738,7.565228,8.26566,8.801348,8.543274,8.327651,10.723632,11.151664,8.292377,10.746022,8.58199,8.043507,9.758421
"GSM2235924",7.848608,8.233821,14.088746,9.850523,11.88753,9.804959,10.165592,13.094025,9.101666,8.748937,7.570849,9.633046,11.901312,10.413008,11.940273,9.081675,11.579294,8.978736,8.593548,10.240463
"GSM2235925",9.9014,8.988938,9.985672,9.060548,10.187859,11.680442,8.985832,10.626995,7.967306,9.380614,7.929459,9.201623,12.607557,10.926469,11.828527,8.400266,12.027425,9.706277,8.671781,9.734681
"GSM2235926",7.009958,9.286602,13.393519,9.055601,6.696719,9.752857,10.198933,12.262601,8.717564,5.593086,7.944292,9.361366,11.065737,10.110276,12.123162,8.968692,10.301891,8.72203,8.939295,8.541332
"GSM2235927",6.442556,8.095859,11.291132,9.466654,11.161162,8.772733,9.853863,11.743938,8.791867,8.015907,8.363178,9.582551,11.410354,10.150024,11.969571,8.765978,9.359338,8.632984,8.85218,10.088374
"GSM2235929",11.08372,9.951153,7.036682,9.04804,7.533884,11.188997,10.868932,14.250451,11.246782,5.871051,7.443248,9.085232,8.365087,8.950422,11.201014,7.821577,9.467678,8.690357,7.06332,7.473325
"GSM2235930",6.670884,8.900732,8.529076,9.629859,6.300686,9.295735,9.919495,13.944233,10.792739,9.978418,7.874721,9.108895,12.427805,10.308752,11.302211,8.559685,12.311167,9.152127,7.773864,10.15584
"GSM2235932",9.130593,7.353949,11.324202,9.937687,12.324697,9.634122,10.222754,8.415648,7.449943,7.789149,9.340673,9.680634,11.235562,10.878887,11.707729,9.84762,9.911212,8.682243,7.445905,10.756074
"GSM2235935",7.239604,9.427311,10.009445,10.436089,9.186802,9.52963,9.903713,13.220349,9.416048,10.687769,7.029203,9.065532,10.872555,9.977829,10.322408,8.679844,11.046779,8.901175,8.340313,9.807194
"GSM2235936",6.398147,8.751272,8.923024,11.014469,9.074433,10.816932,9.405169,11.416243,8.676167,6.816347,7.462374,9.218795,11.333465,9.98806,10.441726,9.819241,9.900829,9.06282,8.915753,9.466185
"GSM2235937",5.96838,8.161692,10.518539,10.743462,9.05967,10.337576,9.037054,8.509494,8.772302,10.933109,7.279968,9.017972,12.408775,9.857272,10.761169,9.163278,11.169806,9.742829,9.265401,9.118415
"GSM2235938",5.736365,7.385917,10.622326,10.685373,6.651511,10.045184,8.454328,7.59651,7.944675,8.163196,7.848608,9.4429,11.376748,10.363182,11.167677,10.540609,8.96207,9.157662,10.306609,9.482513
"GSM2235939",9.290005,9.445979,7.72983,11.34381,7.811247,10.085296,10.605895,12.815485,8.914022,8.160182,6.192355,8.493353,10.161124,10.222096,10.332794,7.024177,11.185675,8.858494,7.177725,8.164663
"GSM2235940",8.350155,9.380071,12.149542,10.578738,9.633601,11.135196,10.877126,11.842999,9.301437,9.077147,7.14639,9.094846,11.734762,10.125271,10.662645,9.033568,11.115606,8.63739,9.059204,9.415578
"GSM2235941",8.585202,8.459008,10.489964,10.720325,10.021726,10.559531,10.473687,8.238337,7.375859,8.067806,7.849684,9.642731,11.775256,9.535819,11.009542,9.611731,10.831073,8.815095,10.002601,8.632613
"GSM2235942",6.009563,8.200848,9.853863,10.927417,10.403782,10.103459,8.825051,9.875307,8.383726,6.926467,7.418316,9.116183,11.356588,10.388002,10.815224,9.627184,10.334843,8.949598,9.212236,9.170636
"GSM2235943",7.229097,9.682779,7.470536,9.369271,6.83022,10.452526,9.606385,11.275444,8.097726,5.885918,8.139224,9.293826,10.775471,9.112122,11.973182,9.410624,8.941845,8.795596,9.913539,10.190419
"GSM2235946",6.043397,9.060548,7.357593,9.64433,9.389921,10.290437,9.106581,8.282155,7.425417,7.270538,8.89822,8.913163,9.103905,10.045774,10.651448,9.251223,8.533848,8.587187,8.591922,8.387133
"GSM2235949",8.746089,9.026451,13.555736,10.456196,8.116227,10.636386,9.389921,10.390888,8.479721,6.627448,7.292571,9.260677,9.322053,10.237283,10.706393,8.650175,9.611731,8.684662,8.761439,8.876582
"GSM2235953",7.458688,8.915326,14.105021,9.799294,12.324697,9.259227,10.461254,13.333666,9.587832,7.477079,7.679233,9.411123,9.341626,9.19935,10.531423,7.708027,10.802083,8.602734,8.616267,9.541479
"GSM2235954",7.275793,8.603537,10.61843,9.305271,6.915551,10.815224,8.745669,10.908013,7.774587,5.86329,7.814496,9.322997,10.390157,10.066136,11.381588,9.444948,11.26319,9.110728,9.349994,9.134296
"GSM2235956",7.184337,8.092204,7.950521,9.856137,10.811719,10.34919,10.153206,9.73083,7.646524,10.645977,7.71856,9.138773,8.716299,10.352021,10.712083,10.030963,8.301439,8.90162,9.228702,9.541982
"GSM2235959",6.855561,10.497509,12.347658,9.846514,10.858267,10.829319,9.995343,6.781582,9.807194,10.66827,9.386078,9.59888,10.021726,8.781085,10.750356,9.336316,8.926889,8.603537,10.144304,7.788435
"GSM2235960",8.060674,7.795895,9.271451,9.917153,12.069553,10.330008,9.788467,8.381463,7.443248,10.19957,8.264126,10.016239,11.168744,10.447548,11.177294,10.054445,10.901643,8.980069,10.283608,9.412123
"GSM2235961",7.113028,10.952852,7.414346,10.492297,7.032187,12.406402,11.398276,13.52533,9.505408,7.186898,7.540787,8.822993,11.276553,9.436319,10.846091,7.706259,11.257639,8.900317,7.800492,9.537385
"GSM2235963",6.432314,7.327052,10.327254,9.455135,10.755244,10.402295,8.98411,8.527888,7.682713,7.922167,8.271228,9.379587,10.000771,10.018723,11.54604,9.653862,8.414908,8.665313,10.61763,9.346528
"GSM2235964",8.252935,8.772302,12.77964,9.561767,6.593157,9.888588,9.587277,11.338135,8.724817,6.134406,7.717111,9.051161,10.656226,10.080411,11.686223,9.860179,11.02328,8.834246,8.909368,9.606385
"GSM2235968",7.162564,8.298412,5.756518,10.657062,5.919832,6.113623,11.510359,6.376616,7.22879,5.908383,6.276434,8.732217,6.180653,7.114853,10.220101,6.184141,11.074726,8.903327,6.91696,6.335961
"GSM2235969",8.148556,9.180771,6.173856,11.060696,8.325269,10.214337,9.843094,7.551674,8.133651,8.975208,8.165051,9.512656,12.439968,10.573427,10.281622,10.34163,10.500457,8.673752,7.007332,9.302403
"GSM2235972",6.066719,7.44088,8.01195,10.456911,6.501555,8.455881,8.855916,8.505519,8.363178,5.739891,7.737067,8.995989,12.420722,10.129094,10.646756,10.531423,10.596602,9.27524,7.558289,9.845383
"GSM2235973",5.883246,8.392566,8.16729,10.981457,9.844834,9.593593,11.006613,9.295264,9.532208,9.592504,8.173169,9.707961,11.389951,9.428805,9.522494,7.344398,9.754564,8.969988,7.128937,8.735845
"GSM2235977",6.461782,8.681836,10.661841,9.604253,12.723909,9.741121,10.93019,14.160072,11.074726,6.670176,7.525004,9.120219,8.752934,9.272433,9.431788,8.691636,9.666286,8.684662,7.619223,8.543664
"GSM2235980",7.795895,8.556102,7.829086,10.380854,11.548665,10.192992,11.75648,11.159013,8.648586,8.263739,7.479089,9.524084,7.759898,9.677944,9.762847,8.454328,9.369271,8.731409,8.203038,7.477405
"GSM2235988",8.92171,9.562249,10.268925,10.735326,8.360527,9.857272,10.462761,11.870664,9.110728,5.988048,7.389224,8.839658,10.144956,10.357557,10.140467,9.305756,10.599593,8.632228,8.380694,8.350155
"GSM2235995",7.057286,8.201574,10.401579,10.454718,10.681241,9.355903,10.044592,10.766166,7.774932,11.02229,8.526673,9.617614,10.481049,10.25093,11.659112,10.929294,9.928298,8.775689,9.935958,9.30481
"GSM2235998",7.916036,7.764919,9.786228,9.209948,12.300029,10.79701,10.589594,9.662408,7.58605,10.111528,7.746761,9.333322,11.237783,9.789567,11.528987,9.661335,9.237128,9.125197,8.183988,10.862779
"GSM2236001",8.693654,9.735217,12.726965,8.550459,9.971854,10.966037,10.703146,8.018862,7.633589,5.771168,7.747109,8.868586,10.46492,9.609664,11.42722,9.559207,11.543472,8.665313,8.549641,9.369271
"GSM2236002",6.123048,8.311331,8.252577,10.178186,6.590642,9.448584,8.924724,10.653768,8.22002,11.304565,8.400665,8.941845,11.719057,8.915326,11.555416,10.014396,10.971736,8.725206,9.184014,9.512656
"GSM2236009",7.224608,9.100323,7.077942,9.970599,8.455087,9.19935,9.821583,13.875654,9.659188,9.110258,8.507122,9.042338,11.074726,9.980223,11.196594,9.152582,10.504177,8.746499,8.308692,9.665164
"GSM2236010",8.731807,8.200086,9.294268,9.657147,10.283608,8.732217,8.594733,11.982022,7.711816,9.195146,8.168069,8.699284,11.415105,10.408733,10.993049,9.696962,10.063683,9.45013,9.194252,9.169348
"GSM2236011",7.06363,8.959961,6.687306,9.289512,6.674343,10.953778,10.272825,13.869038,10.319613,7.892394,8.612735,9.519876,11.429771,9.481996,11.790886,9.438332,11.342674,9.152582,9.488017,9.510548
"GSM2236014",6.371807,7.118193,8.683066,5.992664,5.705148,8.783624,7.630388,7.426791,6.83658,9.412123,9.221124,10.726946,12.295673,11.20207,12.574325,10.083511,11.700447,9.019268,9.827893,10.779732
"GSM2236016",6.8456,8.597115,14.475015,9.662408,11.45347,10.698195,10.335529,8.088477,8.878269,7.605598,8.416797,10.109623,10.379401,10.428799,11.684713,10.405872,10.792739,8.877423,10.140467,10.242386
"GSM2236017",8.489096,8.141431,10.838056,6.248323,10.013779,9.138346,11.018294,14.178852,10.423756,6.487718,7.522569,9.903713,9.062316,10.791909,10.961302,8.515441,10.881574,8.651415,7.479089,9.429824
"GSM2236018",7.193863,7.890592,10.645977,7.343092,7.021506,10.738576,9.855606,10.655385,8.593548,5.997748,7.861705,10.109,9.029135,11.584804,12.081141,7.757377,11.328869,8.738733,7.737769,11.071698
"GSM2236019",7.608026,7.824094,10.862779,7.028923,6.318845,9.548131,10.514022,10.097761,8.576454,10.869899,8.333807,9.609161,11.947266,9.149828,9.935376,8.012649,11.015429,9.618752,9.199807,9.758975
"GSM2236020",6.955102,7.574961,8.152661,9.252622,6.25184,8.766394,9.001682,11.634915,7.708392,9.813492,8.082156,10.318914,12.172085,10.525317,10.728608,10.919893,10.438876,9.611731,9.838042,9.92887
"GSM2236022",6.896349,8.654578,13.315495,7.713942,9.57735,8.979594,11.721291,9.778337,9.533726,8.400665,8.114013,10.569459,8.954338,10.016882,9.388473,10.242386,8.66139,9.639016,8.684662,8.839658
"GSM2236023",8.52118,7.366274,10.280314,7.308312,9.873005,9.840346,8.488338,8.426786,7.142357,9.113007,8.172815,10.235973,11.442255,10.665831,10.48032,10.363182,10.329295,9.057372,9.514173,9.022833
"GSM2236024",10.682024,8.055913,13.560847,6.885668,9.46321,9.436319,9.667886,11.461315,7.406293,5.886535,7.784899,9.910622,9.940016,9.34951,9.783976,8.16207,11.25003,8.584015,7.704434,8.549641
"GSM2236027",7.382897,8.668946,8.564466,8.830887,10.000771,10.523841,10.207342,14.096706,10.872555,6.621294,8.805085,9.903713,11.825352,10.737805,12.947317,7.917849,12.461942,8.731409,8.998184,11.243358
"GSM2236028",6.803116,8.064014,11.321943,9.006919,9.816291,10.470731,10.502699,9.910065,7.301137,9.658172,8.619454,10.624636,11.680442,11.28215,12.821781,9.655481,11.354294,9.280951,11.186781,11.475289
"GSM2236029",9.455135,7.494099,11.307962,9.753418,7.216636,9.547621,8.197463,10.948019,7.979386,5.842895,7.828408,9.161445,11.063675,10.278258,12.186153,8.695227,10.011911,8.563622,9.168899,10.48776
"GSM2236030",7.035176,8.363945,8.882101,9.510548,11.251124,11.201014,9.858444,11.212768,8.279502,6.081448,7.813782,9.392828,11.430996,10.418772,12.129153,10.576435,12.109499,8.748138,9.825032,9.932427
"GSM2236031",10.214337,9.830167,11.157961,7.598581,8.736263,10.828454,10.521565,12.63017,9.176695,5.912152,7.439845,9.210412,10.601937,9.583613,12.260492,8.01195,10.319613,8.761056,7.526741,10.076016
"GSM2236032",7.702625,7.66276,10.605128,9.542499,7.71856,10.303174,9.833565,11.594228,7.682034,6.739891,8.057725,9.844834,10.99113,10.864522,11.851193,10.310133,11.251124,9.017972,9.946387,10.03402
"GSM2236033",7.689794,9.093953,9.920091,9.561267,8.134795,10.560328,10.016239,13.958098,9.986272,6.061252,8.891842,9.090269,9.311483,9.274761,11.124783,9.706277,8.976085,8.794342,9.139714,9.886267
"GSM2236034",8.363945,8.758227,14.838502,10.200937,7.101273,9.688239,9.582551,10.619202,7.930886,6.49593,8.282912,9.96114,10.303854,10.368189,12.258221,8.489096,9.778337,8.821421,7.909383,9.534255
"GSM2236036",6.88679,8.014487,9.116636,10.408733,7.557263,9.95467,9.816291,10.802954,8.508694,6.315791,8.693261,9.266811,9.770719,10.697378,10.853078,9.623529,9.498079,8.743575,10.323106,9.143825
"GSM2236038",8.088845,9.297652,9.609664,10.030963,9.767374,10.74512,10.128451,12.196518,9.477377,7.830879,7.438842,9.367787,10.370998,10.948947,10.78143,8.89822,10.224058,9.197951,9.005616,8.790608
"GSM2236039",8.102868,8.849644,10.968933,10.60821,9.225405,11.285591,10.679606,9.835255,9.270087,6.025254,8.389511,8.635795,12.223674,8.741965,10.834541,9.303865,10.127173,8.759443,9.613891,8.315884
"GSM2236040",6.414887,7.686223,12.664672,10.469299,10.739383,10.183941,8.343701,8.758227,7.961442,6.857726,7.525004,9.425868,10.684537,10.763619,11.828527,8.748937,10.408733,8.937188,10.090252,9.379099
"GSM2236041",9.252162,10.642762,14.282018,9.74225,11.387508,10.573427,11.266442,12.182244,9.194712,7.915671,6.886491,8.989822,9.716603,9.68006,10.928342,8.370479,9.863625,8.662559,8.054497,8.710235
"GSM2236042",8.441962,7.907205,7.168841,10.528397,6.699097,9.310537,8.648184,10.74512,8.990758,10.291123,7.522569,9.06462,11.976717,9.675273,11.157961,8.564466,11.476639,8.624237,8.073767,10.05134
"GSM2236044",6.219407,8.345221,13.609185,9.138773,9.586755,10.056217,8.657376,10.826665,9.839183,5.671771,7.889503,9.96114,9.795319,10.127786,11.41154,8.753329,8.54921,8.965638,9.194252,10.418772
"GSM2236046",7.930533,8.640563,12.676497,9.119316,11.211711,9.76013,9.288542,9.454137,8.205276,6.375473,9.220672,9.287562,11.344986,10.778062,12.331477,10.373188,10.284989,8.754941,9.482513,11.056692
"GSM2236048",6.576463,6.323578,6.074284,6.135442,7.132646,8.199375,7.556257,5.823063,7.217279,11.532946,10.050129,10.297212,11.99655,11.113508,13.216162,10.649109,10.124646,8.78403,11.363592,12.349909
"GSM2236050",6.104921,6.90409,13.241499,7.465334,9.409179,7.563457,8.289686,10.311515,8.060674,7.216011,8.096625,10.245024,12.284472,11.335794,13.475041,8.386019,11.657718,8.757808,8.755371,11.764245
"GSM2236052",7.583276,7.907572,11.354294,9.336316,7.935599,9.766804,9.075763,11.603839,7.974645,8.636591,10.823105,10.361114,11.011552,11.142336,13.571492,10.384515,11.786146,8.892653,10.546026,12.602179
"GSM2236053",8.207225,8.536611,11.041888,7.402942,9.596231,10.634807,10.990173,14.040739,11.288921,6.99289,8.028394,9.882202,11.246782,10.629358,13.815676,8.700128,12.739104,9.197951,8.601544,11.878874
"GSM2236055",6.017015,8.713847,5.877248,10.450404,6.392186,8.293453,9.595155,7.409674,7.847877,9.029584,7.932695,9.297175,12.275864,9.177137,11.205379,10.545252,11.964405,9.071268,9.475353,8.847981
"GSM2236056",8.606385,9.134296,7.819118,10.611365,10.214337,9.179803,9.631472,12.058289,8.711062,9.406703,7.255668,9.341626,11.713736,10.037757,10.350641,8.345977,10.851274,8.871506,7.886312,9.025549
"GSM2236057",8.662559,9.616052,14.002306,9.396209,10.520076,10.516352,10.848679,12.425379,8.720842,7.317492,7.547239,8.788145,9.975453,9.547621,10.436809,8.346372,9.521969,8.673004,8.722448,9.043211
"GSM2236061",8.41828,10.343035,10.128451,9.652266,7.413665,12.349909,11.140187,10.891651,8.587187,8.04458,7.444224,9.386967,11.36595,9.59199,10.483216,8.066262,11.468943,9.339187,9.434818,7.936284
"GSM2236063",6.737945,9.793598,10.649899,10.160443,6.537085,11.487182,10.841634,10.581844,8.293071,10.637195,7.408337,9.040145,11.236695,9.121151,10.897086,8.765139,10.165592,8.640146,9.159095,8.808896
"GSM2236065",7.466357,9.792403,6.722698,6.264152,5.89234,8.450044,9.104328,14.282018,11.320751,5.894304,8.501541,9.574238,9.542499,10.361114,12.159754,9.535282,11.415105,8.886357,8.646066,9.314933
"GSM2236068",9.604253,10.861007,11.358976,6.02237,7.621984,9.994126,11.033082,14.304574,12.588157,6.122306,6.373545,8.870668,8.442728,8.192231,10.862779,6.50515,10.770404,8.628651,7.35992,7.994681
"GSM2236069",5.745635,6.522784,12.432731,6.085279,9.856716,8.453926,8.470352,8.368184,7.108538,5.836306,9.447022,9.540492,11.34381,11.609554,11.090856,10.396592,10.182067,8.575276,9.311483,11.242275
"GSM2236070",9.791845,7.350681,10.177558,6.208186,6.276434,9.230545,8.561256,7.995398,6.815822,6.058763,8.556102,10.355504,10.449685,10.853078,12.291077,9.308664,9.367278,9.224938,8.854266,9.559706
"GSM2236071",8.078841,7.385917,12.014448,6.885402,6.139813,8.723641,8.289686,10.324509,7.505397,5.947683,8.663748,9.720459,10.854808,10.962273,12.0474,9.674754,10.975614,9.255477,10.377998,10.202858
"GSM2236072",7.426791,8.800122,13.738614,6.336502,5.880549,10.778062,9.430811,12.286704,8.343701,5.831523,8.02288,10.086479,11.270862,10.759449,12.509999,9.774515,9.919495,9.264942,10.612924,9.793598
"GSM2236074",7.538083,8.026941,7.303375,9.758975,6.3129,10.489275,8.609127,8.000175,7.897107,9.910622,9.924187,9.488549,12.145462,9.688239,13.117394,11.090856,9.526145,9.327418,10.102847,8.527472
"GSM2236075",7.619937,9.44033,8.776516,9.293826,9.245637,11.485864,10.916194,14.096706,10.895253,8.429155,8.302207,9.611209,11.196594,10.218787,13.53049,9.751209,12.115483,8.756174,9.358371,11.266442
"GSM2236076",7.99213,7.84575,8.068884,9.97667,6.736507,9.056007,8.434966,11.88753,8.59154,5.74116,8.1654,9.949375,10.122094,10.102226,13.333666,9.382102,9.662408,8.843835,9.119316,10.348554
"GSM2236077",7.850057,7.652531,8.730995,10.403782,8.09365,9.612813,8.976978,10.003173,8.055225,9.22308,8.916599,10.515598,12.027425,11.037966,12.887923,10.189745,12.219644,9.139714,10.377998,11.489671
"GSM2236079",6.578747,8.014487,13.598494,10.352021,6.867658,10.238602,8.834246,8.695604,7.788076,5.786993,9.037491,9.604253,11.75816,10.522324,12.961965,9.282867,11.516869,8.86482,9.404696,10.788501
"GSM2236082",9.703574,7.206136,9.941171,9.695332,8.801348,9.231507,9.819833,12.349909,8.511503,6.211339,7.628592,9.055175,10.472176,11.060696,12.635784,8.85933,11.171855,8.740758,8.395302,10.426704
"GSM2236084",8.001474,8.555307,6.678073,9.967668,9.451573,10.361114,10.143052,9.954096,8.119887,10.07855,7.847877,9.426835,12.293412,10.526066,11.926796,10.77207,12.167817,9.268205,9.899703,10.270205
"GSM2236085",6.968296,8.029463,11.911498,9.547104,8.094776,9.633046,9.23104,12.406402,8.614738,8.191837,8.144778,8.93197,11.523757,10.859204,11.065737,10.026689,11.063675,8.806375,10.074791,9.792403
"GSM2236087",9.705773,8.895166,11.06672,9.803798,12.115483,10.076016,10.019341,11.326518,8.304458,9.103905,8.103584,9.394748,12.107579,10.408053,11.292229,9.564867,11.652058,8.766795,9.562249,8.867735
"GSM2236089",7.371891,8.297675,13.360687,9.955865,7.734881,9.757855,9.292371,12.861006,9.128795,7.97903,7.837371,9.1817,11.812892,10.399452,10.863689,9.554371,10.931187,8.910253,10.270828,9.375676
"GSM2236091",6.822115,8.793101,13.29782,9.595155,8.938451,10.098414,10.111528,13.53049,10.006323,8.516579,7.964793,9.292371,11.949091,10.857395,11.514249,8.623454,11.141185,8.974347,9.928298,8.787734
"GSM2236092",7.288986,8.393332,13.379436,9.890311,8.879562,9.969403,9.428805,13.315495,9.79982,8.559269,8.28668,8.864406,11.851193,10.471461,10.941507,9.007371,10.868932,8.761056,9.707961,9.640656
"GSM2236093",7.216636,8.155288,13.044805,10.363868,9.269162,10.060611,9.34506,13.195385,9.594093,9.04191,8.04312,9.24518,11.99655,10.817804,10.599593,8.953029,11.099091,8.651001,9.775584,9.004302
"GSM2236095",7.452991,9.20724,13.203716,9.73302,8.995115,10.22603,9.867178,13.896073,10.080411,9.184497,8.40835,9.012195,11.828527,10.722001,11.704743,8.830887,11.321943,8.775271,9.482513,9.322997
